CREATE DATABASE  IF NOT EXISTS `exam_cell_data` /*!40100 DEFAULT CHARACTER SET utf8mb4 COLLATE utf8mb4_0900_ai_ci */ /*!80016 DEFAULT ENCRYPTION='N' */;
USE `exam_cell_data`;
-- MySQL dump 10.13  Distrib 8.0.32, for Win64 (x86_64)
--
-- Host: localhost    Database: exam_cell_data
-- ------------------------------------------------------
-- Server version	8.0.32

/*!40101 SET @OLD_CHARACTER_SET_CLIENT=@@CHARACTER_SET_CLIENT */;
/*!40101 SET @OLD_CHARACTER_SET_RESULTS=@@CHARACTER_SET_RESULTS */;
/*!40101 SET @OLD_COLLATION_CONNECTION=@@COLLATION_CONNECTION */;
/*!50503 SET NAMES utf8 */;
/*!40103 SET @OLD_TIME_ZONE=@@TIME_ZONE */;
/*!40103 SET TIME_ZONE='+00:00' */;
/*!40014 SET @OLD_UNIQUE_CHECKS=@@UNIQUE_CHECKS, UNIQUE_CHECKS=0 */;
/*!40014 SET @OLD_FOREIGN_KEY_CHECKS=@@FOREIGN_KEY_CHECKS, FOREIGN_KEY_CHECKS=0 */;
/*!40101 SET @OLD_SQL_MODE=@@SQL_MODE, SQL_MODE='NO_AUTO_VALUE_ON_ZERO' */;
/*!40111 SET @OLD_SQL_NOTES=@@SQL_NOTES, SQL_NOTES=0 */;

--
-- Table structure for table `exam_data`
--

DROP TABLE IF EXISTS `exam_data`;
/*!40101 SET @saved_cs_client     = @@character_set_client */;
/*!50503 SET character_set_client = utf8mb4 */;
CREATE TABLE `exam_data` (
  `exam_id` int NOT NULL AUTO_INCREMENT,
  `name` varchar(255) NOT NULL,
  `date` varchar(10) NOT NULL,
  `day` varchar(20) NOT NULL,
  `semester` varchar(10) NOT NULL,
  `level` varchar(50) NOT NULL,
  `slot` varchar(20) NOT NULL,
  `allocation_data` json NOT NULL,
  `paper_distribution` json NOT NULL,
  PRIMARY KEY (`exam_id`)
) ENGINE=InnoDB AUTO_INCREMENT=77 DEFAULT CHARSET=utf8mb4 COLLATE=utf8mb4_0900_ai_ci;
/*!40101 SET character_set_client = @saved_cs_client */;

--
-- Dumping data for table `exam_data`
--

LOCK TABLES `exam_data` WRITE;
/*!40000 ALTER TABLE `exam_data` DISABLE KEYS */;
INSERT INTO `exam_data` VALUES (72,'CBCS Regular Examination March 2024','23/04/2024','Tuesday','1','UG','Afternoon','{\"paper_details\": {\"CC1CRT01\": {\"PaperName\": \"Computer Graphics\", \"AddedStudents\": [\"8921769021\", \"9495965682\", \"9400690232\", \"9188524232\", \"9746183682\", \"9961061583\", \"7909198712\"], \"ProgrammeList\": {\"B.Sc Computer Science Model III\": \"2021\"}, \"ScribeStudents\": [\"7909198712\", \"8921769021\"], \"RemovedStudents\": []}}, \"paper_students\": {\"CC1CRT01\": [\"210021027634\", \"210021027635\", \"210021027636\", \"210021027637\", \"210021027638\", \"210021027639\", \"210021027640\", \"210021027641\", \"210021027642\", \"210021027643\", \"210021027644\", \"210021027645\", \"210021027646\", \"210021027647\", \"210021027648\", \"210021027649\", \"210021027650\", \"210021027651\", \"210021027652\", \"210021027653\", \"210021027654\", \"210021027655\", \"210021027656\", \"210021027657\", \"210021027658\", \"210021027659\", \"9495965682\", \"9400690232\", \"9188524232\", \"9746183682\", \"9961061583\"]}, \"paper_student_count\": {\"CC1CRT01\": 33}}','{\"2\": {\"CC1CRT01\": {\"Count\": 33, \"Ranges\": [\"210021027634-210021027659 (26)\", \"9495965682 (1)\", \"9400690232 (1)\", \"9188524232 (1)\", \"9746183682 (1)\", \"9961061583 (1)\", \"8921769021 (1)\", \"7909198712 (1)\"]}}}'),(73,'CBCS Regular March 2025','29/04/2024','Monday','2','UG','Afternoon','{\"paper_details\": {\"CCXCRP01\": {\"PaperName\": \"Hindi\", \"AddedStudents\": [], \"ProgrammeList\": {\"B.Sc Computer Science Model III\": \"2021\"}, \"ScribeStudents\": [], \"RemovedStudents\": []}, \"EC1ERT07\": {\"PaperName\": \"Economics\", \"AddedStudents\": [], \"ProgrammeList\": {\"B.A Economics Model I\": \"2021\"}, \"ScribeStudents\": [], \"RemovedStudents\": []}}, \"paper_students\": {\"CCXCRP01\": [\"210021027634\", \"210021027635\", \"210021027636\", \"210021027637\", \"210021027638\", \"210021027639\", \"210021027640\", \"210021027641\", \"210021027642\", \"210021027643\", \"210021027644\", \"210021027645\", \"210021027646\", \"210021027647\", \"210021027648\", \"210021027649\", \"210021027650\", \"210021027651\", \"210021027652\", \"210021027653\", \"210021027654\", \"210021027655\", \"210021027656\", \"210021027657\", \"210021027658\", \"210021027659\"], \"EC1ERT07\": [\"210021012501\", \"210021012502\", \"210021012503\", \"210021012504\", \"210021012505\", \"210021012506\", \"210021012507\", \"210021012508\", \"210021012509\", \"210021012510\", \"210021012511\", \"210021012512\", \"210021012513\", \"210021012514\", \"210021012515\", \"210021012516\", \"210021012517\", \"210021012518\", \"210021012519\", \"210021012520\", \"210021012521\", \"210021012522\", \"210021012523\", \"210021012524\", \"210021012525\", \"210021012526\", \"210021012527\", \"210021012528\", \"210021012529\", \"210021012530\", \"210021012531\", \"210021012532\", \"210021012533\", \"210021012534\", \"210021012535\", \"210021012536\", \"210021012537\", \"210021012538\", \"210021012539\", \"210021012540\", \"210021012541\", \"210021012542\", \"210021012543\", \"210021012544\", \"210021012545\", \"210021012546\", \"210021012547\", \"210021012548\", \"210021012549\", \"210021012550\", \"210021012551\", \"210021012552\", \"210021012553\", \"210021012554\", \"210021012555\", \"210021012556\", \"210021012557\", \"210021012558\", \"210021012559\", \"210021012560\"]}, \"paper_student_count\": {\"CCXCRP01\": 26, \"EC1ERT07\": 60}}','{\"1\": {\"CCXCRP01\": {\"Count\": 26, \"Ranges\": [\"210021027634-210021027659 (26)\"]}, \"EC1ERT07\": {\"Count\": 60, \"Ranges\": [\"210021012527-210021012560 (34)\", \"210021012501-210021012526 (26)\"]}}}'),(74,'rghhrhrrhhrrh','30/04/2024','Tuesday','44664','UG','Afternoon','{\"paper_details\": {\"httjjt\": {\"PaperName\": \"jtjtjt\", \"AddedStudents\": [], \"ProgrammeList\": {\"B.Sc Physics Model I\": \"2021\", \"B.A Economics Model I\": \"2021\", \"B.Sc Mathematics Model I\": \"2021\", \"B.Com Model I Co-operation\": \"2021\", \"B.Voc. Logistic Management\": \"2021\", \"B.Sc Computer Science Model III\": \"2021\", \"B.Com Model I Finance & Taxation\": \"2021\", \"B.Voc Broadcasting and Journalism\": \"2021\", \"B.Com Model I Computer Applications\": \"2021\", \"Bachelor of Business Administration\": \"2021\", \"B.Voc Banking and Financial Services\": \"2021\", \"B.Voc Tourism and Hospitality Management\": \"2021\", \"B.A English Language and Literature Model I\": \"2021\", \"B.Com Model I Computer Applications (Aided)\": \"2021\", \"B.Sc Chemistry Model II Industrial Chemistry\": \"2021\", \"B.A English Language and Literature Model II Teaching\": \"2021\"}, \"ScribeStudents\": [\"210041002122\", \"210041002121\"], \"RemovedStudents\": []}}, \"paper_students\": {\"httjjt\": [\"210021005077\", \"210021005078\", \"210021005079\", \"210021005080\", \"210021005082\", \"210021005083\", \"210021005084\", \"210021005085\", \"210021005086\", \"210021005087\", \"210021005088\", \"210021005089\", \"210021005090\", \"210021005091\", \"210021005092\", \"210021005093\", \"210021005094\", \"210021005095\", \"210021005096\", \"210021005097\", \"210021005098\", \"210021005099\", \"210021005100\", \"210021005101\", \"210021005102\", \"210021005103\", \"210021005104\", \"210021005105\", \"210021001169\", \"210021001170\", \"210021001171\", \"210021001172\", \"210021001173\", \"210021001174\", \"210021001175\", \"210021001176\", \"210021001177\", \"210021001178\", \"210021001179\", \"210021001180\", \"210021001181\", \"210021001182\", \"210021001183\", \"210021001184\", \"210021001185\", \"210021001186\", \"210021001187\", \"210021001188\", \"210021001189\", \"210021001190\", \"210021001191\", \"210021001192\", \"210021001193\", \"210021001194\", \"210021001195\", \"210021001196\", \"210021001197\", \"210021001198\", \"210021001199\", \"210021001200\", \"210021001201\", \"210021001202\", \"210021001203\", \"210021001204\", \"210021001205\", \"210021001206\", \"210021001207\", \"210021001208\", \"210021005081\", \"210021066086\", \"210021066087\", \"210021066088\", \"210021066089\", \"210021066091\", \"210021066092\", \"210021066093\", \"210021066094\", \"210021066095\", \"210021066096\", \"210021066097\", \"210021066098\", \"210021066099\", \"210021066100\", \"210021066101\", \"210021066102\", \"210021066103\", \"210021066104\", \"210021066105\", \"210021066106\", \"210021066107\", \"210021066108\", \"210021066109\", \"210021066110\", \"210021066111\", \"210021066112\", \"210021066113\", \"210021066114\", \"210021066115\", \"210021066116\", \"210021066117\", \"210021066118\", \"210021066119\", \"210021066120\", \"210021066121\", \"210021066122\", \"210021066123\", \"210021066124\", \"210021066125\", \"210021066126\", \"210021066127\", \"210021066128\", \"210021066129\", \"210021066130\", \"210021066131\", \"210021066132\", \"210021066133\", \"210021066134\", \"210021066135\", \"210021066136\", \"210021066137\", \"210021012501\", \"210021012502\", \"210021012503\", \"210021012504\", \"210021012505\", \"210021012506\", \"210021012507\", \"210021012508\", \"210021012509\", \"210021012510\", \"210021012511\", \"210021012512\", \"210021012513\", \"210021012514\", \"210021012515\", \"210021012516\", \"210021012517\", \"210021012518\", \"210021012519\", \"210021012520\", \"210021012521\", \"210021012522\", \"210021012523\", \"210021012524\", \"210021012525\", \"210021012526\", \"210021012527\", \"210021012528\", \"210021012529\", \"210021012530\", \"210021012531\", \"210021012532\", \"210021012533\", \"210021012534\", \"210021012535\", \"210021012536\", \"210021012537\", \"210021012538\", \"210021012539\", \"210021012540\", \"210021012541\", \"210021012542\", \"210021012543\", \"210021012544\", \"210021012545\", \"210021012546\", \"210021012547\", \"210021012548\", \"210021012549\", \"210021012550\", \"210021012551\", \"210021012552\", \"210021012553\", \"210021012554\", \"210021012555\", \"210021012556\", \"210021012557\", \"210021012558\", \"210021012559\", \"210021012560\", \"210021027040\", \"210021027041\", \"210021027042\", \"210021027043\", \"210021027044\", \"210021027045\", \"210021027046\", \"210021027047\", \"210021027048\", \"210021027049\", \"210021027050\", \"210021027051\", \"210021027052\", \"210021027053\", \"210021027054\", \"210021027055\", \"210021027056\", \"210021027057\", \"210021027058\", \"210021027059\", \"210021027060\", \"210021027061\", \"210021027062\", \"210021027063\", \"210021027064\", \"210021027181\", \"210021027634\", \"210021027635\", \"210021027636\", \"210021027637\", \"210021027638\", \"210021027639\", \"210021027640\", \"210021027641\", \"210021027642\", \"210021027643\", \"210021027644\", \"210021027645\", \"210021027646\", \"210021027647\", \"210021027648\", \"210021027649\", \"210021027650\", \"210021027651\", \"210021027652\", \"210021027653\", \"210021027654\", \"210021027655\", \"210021027656\", \"210021027657\", \"210021027658\", \"210021027659\", \"210021031960\", \"210021031961\", \"210021031962\", \"210021031963\", \"210021031964\", \"210021031965\", \"210021031966\", \"210021031967\", \"210021031968\", \"210021031969\", \"210021031970\", \"210021031972\", \"210021031973\", \"210021031974\", \"210021031975\", \"210021031976\", \"210021031977\", \"210021031978\", \"210021031979\", \"210021031980\", \"210021031981\", \"210021031982\", \"210021031983\", \"210021031984\", \"210021031985\", \"210021031986\", \"210021031987\", \"210021031988\", \"210021031989\", \"210021031990\", \"210021034770\", \"210021034771\", \"210021034772\", \"210021034773\", \"210021034774\", \"210021034775\", \"210021034776\", \"210021034777\", \"210021034778\", \"210021034779\", \"210021034780\", \"210021034781\", \"210021034782\", \"210021034783\", \"210021034784\", \"210021034785\", \"210021034786\", \"210021034787\", \"210021034788\", \"210021034789\", \"210021034790\", \"210021034791\", \"210021034792\", \"210021034793\", \"210021034794\", \"210021034795\", \"210021034796\", \"210021034797\", \"210021034798\", \"210021034799\", \"210021034800\", \"210021063437\", \"210021063438\", \"210021063439\", \"210021063440\", \"210021063441\", \"210021063442\", \"210021063443\", \"210021063444\", \"210021063445\", \"210021063446\", \"210021063447\", \"210021063448\", \"210021063449\", \"210021063450\", \"210021063451\", \"210021063452\", \"210021063453\", \"210021063454\", \"210021063455\", \"210021063456\", \"210021063457\", \"210021063458\", \"210021063459\", \"210021063460\", \"210021063461\", \"210021063462\", \"210021063463\", \"210021063464\", \"210021063465\", \"210021063466\", \"210021063467\", \"210021063468\", \"210021063469\", \"210021063470\", \"210021063471\", \"210021063472\", \"210021063473\", \"210021063474\", \"210021063475\", \"210021063476\", \"210021063477\", \"210021063478\", \"210021063479\", \"210021063480\", \"210021063481\", \"210021063482\", \"210021063483\", \"210021063484\", \"210021063485\", \"210021069996\", \"210021069997\", \"210021069998\", \"210021069999\", \"210021070000\", \"210021070001\", \"210021070002\", \"210021070003\", \"210021070004\", \"210021070005\", \"210021070006\", \"210021070007\", \"210021070008\", \"210021070009\", \"210021070010\", \"210021070011\", \"210021070012\", \"210021070013\", \"210021070014\", \"210021070015\", \"210021070016\", \"210021070017\", \"210021070018\", \"210021070019\", \"210021070020\", \"210021070021\", \"210021070022\", \"210021070023\", \"210021070024\", \"210021070025\", \"210021070026\", \"210021070027\", \"210021070028\", \"210021070029\", \"210021070030\", \"210021070031\", \"210021070032\", \"210021070033\", \"210021070034\", \"210021070035\", \"210021070036\", \"210021070037\", \"210021070038\", \"210021070039\", \"210021070040\", \"210021070041\", \"210021070042\", \"210021070043\", \"210021070044\", \"210021070045\", \"210021070046\", \"210021070047\", \"210021070048\", \"210021070049\", \"210021070050\", \"210021070051\", \"210021070052\", \"210021070053\", \"210021070054\", \"210021070055\", \"210021070056\", \"210021070057\", \"210021073248\", \"210021073249\", \"210021073250\", \"210021073251\", \"210021073252\", \"210021073253\", \"210021073254\", \"210021073255\", \"210021073256\", \"210021073257\", \"210021073258\", \"210021073259\", \"210021073260\", \"210021073261\", \"210021073262\", \"210021073263\", \"210021073264\", \"210021073265\", \"210021073266\", \"210021073267\", \"210021073268\", \"210021073269\", \"210021073270\", \"210021073271\", \"210021073272\", \"210021073273\", \"210021073274\", \"210021073275\", \"210021073276\", \"210021073277\", \"210021073279\", \"210021073280\", \"210021073281\", \"210021073282\", \"210021073283\", \"210021073284\", \"210021073285\", \"210021073286\", \"210021073287\", \"210021073288\", \"210021073289\", \"210021073290\", \"210021073291\", \"210021073292\", \"210021073293\", \"210021073294\", \"210021073295\", \"210021073296\", \"210021073297\", \"210021073298\", \"210021073278\", \"210021080295\", \"210021080296\", \"210021080298\", \"210021080299\", \"210021080300\", \"210021080301\", \"210021080302\", \"210021080303\", \"210021080304\", \"210021080305\", \"210021080306\", \"210021080307\", \"210021080308\", \"210021080309\", \"210021080310\", \"210021080311\", \"210021080312\", \"210021080313\", \"210021080314\", \"210021080315\", \"210021080316\", \"210021080317\", \"210021080318\", \"210021080319\", \"210021080320\", \"210021080321\", \"210021080322\", \"210021080323\", \"210021080324\", \"210021080325\", \"210021080326\", \"210021080327\", \"210021080328\", \"210021080329\", \"210021080330\", \"210021080331\", \"210021080332\", \"210021080333\", \"210021080334\", \"210021080335\", \"210021080336\", \"210021080337\", \"210021080338\", \"210021080339\", \"210021080340\", \"210021080341\", \"210021080342\", \"210021080343\", \"210021080344\", \"210021080345\", \"210041000359\", \"210041000360\", \"210041000361\", \"210041000362\", \"210041000363\", \"210041000364\", \"210041000365\", \"210041000366\", \"210041000367\", \"210041000368\", \"210041000369\", \"210041000370\", \"210041000371\", \"210041000372\", \"210041000373\", \"210041000374\", \"210041000375\", \"210041000376\", \"210041000377\", \"210041000378\", \"210041000379\", \"210041000380\", \"210041000381\", \"210041000382\", \"210041000383\", \"210041000384\", \"210041000385\", \"210041000386\", \"210041000387\", \"210041000388\", \"210041000389\", \"210041000390\", \"210041000391\", \"210041000392\", \"210041000393\", \"210041000394\", \"210041000395\", \"210041000396\", \"210041000397\", \"210041000398\", \"210041000399\", \"210041000400\", \"210041000401\", \"210041000402\", \"210041000403\", \"210041000404\", \"210041000405\", \"210041000406\", \"210041000407\", \"210041000408\", \"210041000409\", \"210041000410\", \"210041000411\", \"210041000412\", \"210041000413\", \"210041000414\", \"210041000415\", \"210041000416\", \"210041000417\", \"210041000418\", \"210041000419\", \"210041000420\", \"210041000959\", \"210041000960\", \"210041000961\", \"210041000962\", \"210041000963\", \"210041000964\", \"210041000965\", \"210041000966\", \"210041000967\", \"210041000968\", \"210041000969\", \"210041000970\", \"210041000971\", \"210041000972\", \"210041000974\", \"210041000975\", \"210041000976\", \"210041000977\", \"210041000978\", \"210041000979\", \"210041000980\", \"210041000981\", \"210041000982\", \"210041000983\", \"210041000984\", \"210041000985\", \"210041000986\", \"210041000987\", \"210041000988\", \"210041000989\", \"210041000990\", \"210041000991\", \"210041000992\", \"210041000994\", \"210041000995\", \"210041000996\", \"210041000998\", \"210041001885\", \"210041001886\", \"210041001887\", \"210041001888\", \"210041001889\", \"210041001890\", \"210041001891\", \"210041001892\", \"210041001893\", \"210041001894\", \"210041001895\", \"210041001896\", \"210041001897\", \"210041001898\", \"210041001899\", \"210041001900\", \"210041001901\", \"210041001902\", \"210041001903\", \"210041001904\", \"210041001905\", \"210041001906\", \"210041001907\", \"210041001908\", \"210041001909\", \"210041001910\", \"210041001911\", \"210041001912\", \"210041001913\", \"210041001914\", \"210041001915\", \"210041001916\", \"210041001917\", \"210041001918\", \"210041001919\", \"210041001920\", \"210041001921\", \"210041001922\", \"210041001923\", \"210041001924\", \"210041001925\", \"210041001926\", \"210041001927\", \"210041001928\", \"210041001929\", \"210041001930\", \"210041001931\", \"210041001932\", \"210041001933\", \"210041001934\", \"210041001935\", \"210041001936\", \"210041001937\", \"210041001938\", \"210041001939\", \"210041001940\", \"210041001941\", \"210041001942\", \"210041001943\", \"210041001944\", \"210041001945\", \"210041001946\", \"210041001947\", \"210041001948\", \"210041001949\", \"210041002067\", \"210041002068\", \"210041002069\", \"210041002070\", \"210041002071\", \"210041002072\", \"210041002073\", \"210041002074\", \"210041002075\", \"210041002076\", \"210041002077\", \"210041002078\", \"210041002079\", \"210041002080\", \"210041002081\", \"210041002082\", \"210041002083\", \"210041002084\", \"210041002085\", \"210041002086\", \"210041002087\", \"210041002089\", \"210041002090\", \"210041002091\", \"210041002092\", \"210041002093\", \"210041002094\", \"210041002095\", \"210041002096\", \"210041002097\", \"210041002098\", \"210041002099\", \"210041002100\", \"210041002101\", \"210041002102\", \"210041002103\", \"210041002104\", \"210041002105\", \"210041002106\", \"210041002107\", \"210041002108\", \"210041002109\", \"210041002110\", \"210041002111\", \"210041002112\", \"210041002114\", \"210041002115\", \"210041002116\", \"210041002117\", \"210041002118\", \"210041002119\", \"210041002120\", \"210041002123\", \"210041002124\", \"210041002125\", \"210041002126\", \"210041002128\"]}, \"paper_student_count\": {\"httjjt\": 728}}','{\"1\": {\"httjjt\": {\"Count\": 192, \"Ranges\": [\"210021005077-210021005080 (4)\", \"210021005082-210021005105 (24)\", \"210021001169-210021001208 (40)\", \"210021005081 (1)\", \"210021066086-210021066089 (4)\", \"210021066091-210021066113 (23)\", \"210021070018-210021070057 (40)\", \"210021073248-210021073277 (30)\", \"210021073279-210021073298 (20)\", \"210021073278 (1)\", \"210021080295-210021080296 (2)\", \"210021080298-210021080300 (3)\"]}}, \"2\": {\"httjjt\": {\"Count\": 60, \"Ranges\": [\"210021066114-210021066137 (24)\", \"210021012501-210021012506 (6)\", \"210021080301-210021080330 (30)\"]}}, \"3\": {\"httjjt\": {\"Count\": 60, \"Ranges\": [\"210021012507-210021012536 (30)\", \"210021080331-210021080345 (15)\", \"210041000359-210041000373 (15)\"]}}, \"4\": {\"httjjt\": {\"Count\": 60, \"Ranges\": [\"210021012537-210021012560 (24)\", \"210021027040-210021027045 (6)\", \"210041000374-210041000403 (30)\"]}}, \"5\": {\"httjjt\": {\"Count\": 60, \"Ranges\": [\"210021027046-210021027064 (19)\", \"210021027181 (1)\", \"210021027634-210021027643 (10)\", \"210041000404-210041000420 (17)\", \"210041000959-210041000971 (13)\"]}}, \"6\": {\"httjjt\": {\"Count\": 30, \"Ranges\": [\"210021027644-210021027658 (15)\", \"210041000972 (1)\", \"210041000974-210041000987 (14)\"]}}, \"7\": {\"httjjt\": {\"Count\": 30, \"Ranges\": [\"210021027659 (1)\", \"210021031960-210021031970 (11)\", \"210021031972-210021031974 (3)\", \"210041000988-210041000992 (5)\", \"210041000994-210041000996 (3)\", \"210041000998 (1)\", \"210041001885-210041001890 (6)\"]}}, \"8\": {\"httjjt\": {\"Count\": 30, \"Ranges\": [\"210021031975-210021031989 (15)\", \"210041001891-210041001905 (15)\"]}}, \"9\": {\"httjjt\": {\"Count\": 30, \"Ranges\": [\"210021031990 (1)\", \"210021034770-210021034783 (14)\", \"210041001906-210041001920 (15)\"]}}, \"10\": {\"httjjt\": {\"Count\": 30, \"Ranges\": [\"210021034784-210021034798 (15)\", \"210041001921-210041001935 (15)\"]}}, \"11\": {\"httjjt\": {\"Count\": 30, \"Ranges\": [\"210021034799-210021034800 (2)\", \"210021063437-210021063449 (13)\", \"210041001936-210041001949 (14)\", \"210041002067 (1)\"]}}, \"12\": {\"httjjt\": {\"Count\": 30, \"Ranges\": [\"210021063450-210021063464 (15)\", \"210041002068-210041002082 (15)\"]}}, \"13\": {\"httjjt\": {\"Count\": 30, \"Ranges\": [\"210021063465-210021063479 (15)\", \"210041002083-210041002087 (5)\", \"210041002089-210041002098 (10)\"]}}, \"14\": {\"httjjt\": {\"Count\": 30, \"Ranges\": [\"210021063480-210021063485 (6)\", \"210021069996-210021070004 (9)\", \"210041002099-210041002112 (14)\", \"210041002114 (1)\"]}}, \"15\": {\"httjjt\": {\"Count\": 26, \"Ranges\": [\"210021070005-210021070017 (13)\", \"210041002121-210041002122 (2)\", \"210041002115-210041002120 (6)\", \"210041002123-210041002126 (4)\", \"210041002128 (1)\"]}}}'),(75,'DonXavier','30/04/2024','Tuesday','8','UG','Afternoon','{\"paper_details\": {\"223344\": {\"PaperName\": \"445555\", \"AddedStudents\": [], \"ProgrammeList\": {\"B.Sc Mathematics Model I\": \"2021\", \"B.A English Language and Literature Model I\": \"2021\"}, \"ScribeStudents\": [\"210021001170\", \"210021001171\"], \"RemovedStudents\": []}}, \"paper_students\": {\"223344\": [\"210021001169\", \"210021001172\", \"210021001173\", \"210021001174\", \"210021001175\", \"210021001176\", \"210021001177\", \"210021001178\", \"210021001179\", \"210021001180\", \"210021001181\", \"210021001182\", \"210021001183\", \"210021001184\", \"210021001185\", \"210021001186\", \"210021001187\", \"210021001188\", \"210021001189\", \"210021001190\", \"210021001191\", \"210021001192\", \"210021001193\", \"210021001194\", \"210021001195\", \"210021001196\", \"210021001197\", \"210021001198\", \"210021001199\", \"210021001200\", \"210021001201\", \"210021001202\", \"210021001203\", \"210021001204\", \"210021001205\", \"210021001206\", \"210021001207\", \"210021001208\", \"210021031960\", \"210021031961\", \"210021031962\", \"210021031963\", \"210021031964\", \"210021031965\", \"210021031966\", \"210021031967\", \"210021031968\", \"210021031969\", \"210021031970\", \"210021031972\", \"210021031973\", \"210021031974\", \"210021031975\", \"210021031976\", \"210021031977\", \"210021031978\", \"210021031979\", \"210021031980\", \"210021031981\", \"210021031982\", \"210021031983\", \"210021031984\", \"210021031985\", \"210021031986\", \"210021031987\", \"210021031988\", \"210021031989\", \"210021031990\"]}, \"paper_student_count\": {\"223344\": 70}}','{\"1\": {\"223344\": {\"Count\": 70, \"Ranges\": [\"210021001169 (1)\", \"210021001172-210021001208 (37)\", \"210021031960-210021031970 (11)\", \"210021031972-210021031990 (19)\", \"210021001171 (1)\", \"210021001170 (1)\"]}}}'),(76,'DonXavier','30/04/2024','Tuesday','8','UG','Afternoon','{\"paper_details\": {\"223344\": {\"PaperName\": \"445555\", \"AddedStudents\": [], \"ProgrammeList\": {\"B.Sc Mathematics Model I\": \"2021\", \"B.A English Language and Literature Model I\": \"2021\"}, \"ScribeStudents\": [\"210021001170\", \"210021001171\"], \"RemovedStudents\": []}}, \"paper_students\": {\"223344\": [\"210021001169\", \"210021001172\", \"210021001173\", \"210021001174\", \"210021001175\", \"210021001176\", \"210021001177\", \"210021001178\", \"210021001179\", \"210021001180\", \"210021001181\", \"210021001182\", \"210021001183\", \"210021001184\", \"210021001185\", \"210021001186\", \"210021001187\", \"210021001188\", \"210021001189\", \"210021001190\", \"210021001191\", \"210021001192\", \"210021001193\", \"210021001194\", \"210021001195\", \"210021001196\", \"210021001197\", \"210021001198\", \"210021001199\", \"210021001200\", \"210021001201\", \"210021001202\", \"210021001203\", \"210021001204\", \"210021001205\", \"210021001206\", \"210021001207\", \"210021001208\", \"210021031960\", \"210021031961\", \"210021031962\", \"210021031963\", \"210021031964\", \"210021031965\", \"210021031966\", \"210021031967\", \"210021031968\", \"210021031969\", \"210021031970\", \"210021031972\", \"210021031973\", \"210021031974\", \"210021031975\", \"210021031976\", \"210021031977\", \"210021031978\", \"210021031979\", \"210021031980\", \"210021031981\", \"210021031982\", \"210021031983\", \"210021031984\", \"210021031985\", \"210021031986\", \"210021031987\", \"210021031988\", \"210021031989\", \"210021031990\"]}, \"paper_student_count\": {\"223344\": 70}}','{\"1\": {\"223344\": {\"Count\": 70, \"Ranges\": [\"210021001169 (1)\", \"210021001172-210021001208 (37)\", \"210021031960-210021031970 (11)\", \"210021031972-210021031990 (19)\", \"210021001171 (1)\", \"210021001170 (1)\"]}}}');
/*!40000 ALTER TABLE `exam_data` ENABLE KEYS */;
UNLOCK TABLES;

--
-- Table structure for table `exchange_requests`
--

DROP TABLE IF EXISTS `exchange_requests`;
/*!40101 SET @saved_cs_client     = @@character_set_client */;
/*!50503 SET character_set_client = utf8mb4 */;
CREATE TABLE `exchange_requests` (
  `exchange_id` int NOT NULL AUTO_INCREMENT,
  `exchange_for` varchar(10) NOT NULL,
  `exchange_by` varchar(10) NOT NULL,
  `approval_status` tinyint NOT NULL DEFAULT '0',
  PRIMARY KEY (`exchange_id`),
  UNIQUE KEY `exchange_id_UNIQUE` (`exchange_id`),
  KEY `ExchangeRequests_ForTeacherID_idx` (`exchange_for`),
  KEY `ExchangeRequests_ByTeacherID_idx` (`exchange_by`),
  CONSTRAINT `ExchangeRequests_ByTeacherID` FOREIGN KEY (`exchange_by`) REFERENCES `teachers` (`teacher_id`) ON DELETE CASCADE ON UPDATE CASCADE,
  CONSTRAINT `ExchangeRequests_ForTeacherID` FOREIGN KEY (`exchange_for`) REFERENCES `teachers` (`teacher_id`) ON DELETE CASCADE ON UPDATE CASCADE
) ENGINE=InnoDB DEFAULT CHARSET=utf8mb4 COLLATE=utf8mb4_0900_ai_ci;
/*!40101 SET character_set_client = @saved_cs_client */;

--
-- Dumping data for table `exchange_requests`
--

LOCK TABLES `exchange_requests` WRITE;
/*!40000 ALTER TABLE `exchange_requests` DISABLE KEYS */;
/*!40000 ALTER TABLE `exchange_requests` ENABLE KEYS */;
UNLOCK TABLES;

--
-- Table structure for table `pending_exchanges`
--

DROP TABLE IF EXISTS `pending_exchanges`;
/*!40101 SET @saved_cs_client     = @@character_set_client */;
/*!50503 SET character_set_client = utf8mb4 */;
CREATE TABLE `pending_exchanges` (
  `exchange_id` int NOT NULL AUTO_INCREMENT,
  `exchange_for` varchar(10) NOT NULL,
  `exchange_by` varchar(10) NOT NULL,
  `friday_duty` tinyint NOT NULL DEFAULT '0',
  `request_date` timestamp NOT NULL DEFAULT CURRENT_TIMESTAMP,
  PRIMARY KEY (`exchange_id`),
  UNIQUE KEY `exchange_id_UNIQUE` (`exchange_id`),
  KEY `For_TeacherID_idx` (`exchange_for`),
  KEY `By_TeacherID_idx` (`exchange_by`),
  CONSTRAINT `By_TeacherID` FOREIGN KEY (`exchange_by`) REFERENCES `teachers` (`teacher_id`) ON DELETE CASCADE ON UPDATE CASCADE,
  CONSTRAINT `For_TeacherID` FOREIGN KEY (`exchange_for`) REFERENCES `teachers` (`teacher_id`) ON DELETE CASCADE ON UPDATE CASCADE
) ENGINE=InnoDB AUTO_INCREMENT=9 DEFAULT CHARSET=utf8mb4 COLLATE=utf8mb4_0900_ai_ci;
/*!40101 SET character_set_client = @saved_cs_client */;

--
-- Dumping data for table `pending_exchanges`
--

LOCK TABLES `pending_exchanges` WRITE;
/*!40000 ALTER TABLE `pending_exchanges` DISABLE KEYS */;
/*!40000 ALTER TABLE `pending_exchanges` ENABLE KEYS */;
UNLOCK TABLES;

--
-- Table structure for table `room_allocations`
--

DROP TABLE IF EXISTS `room_allocations`;
/*!40101 SET @saved_cs_client     = @@character_set_client */;
/*!50503 SET character_set_client = utf8mb4 */;
CREATE TABLE `room_allocations` (
  `exam_id` int NOT NULL,
  `room_id` int NOT NULL,
  `students_present` int DEFAULT NULL,
  `allocation_data` json NOT NULL,
  `paper_data` json DEFAULT NULL,
  `teacher_data` json DEFAULT NULL,
  KEY `ExamIdRoomAllocation_idx` (`exam_id`),
  KEY `RoomIDRoomAllocation_idx` (`room_id`),
  CONSTRAINT `RoomAllocations_ExamID` FOREIGN KEY (`exam_id`) REFERENCES `exam_data` (`exam_id`) ON DELETE CASCADE ON UPDATE CASCADE,
  CONSTRAINT `RoomAllocations_RoomID` FOREIGN KEY (`room_id`) REFERENCES `rooms` (`room_id`) ON DELETE CASCADE ON UPDATE CASCADE
) ENGINE=InnoDB DEFAULT CHARSET=utf8mb4 COLLATE=utf8mb4_0900_ai_ci;
/*!40101 SET character_set_client = @saved_cs_client */;

--
-- Dumping data for table `room_allocations`
--

LOCK TABLES `room_allocations` WRITE;
/*!40000 ALTER TABLE `room_allocations` DISABLE KEYS */;
INSERT INTO `room_allocations` VALUES (72,2,33,'[[[\"210021027634\", 0], [\"210021027645\", 0], [\"210021027656\", 0]], [[\"210021027635\", 0], [\"210021027646\", 0], [\"210021027657\", 0]], [[\"210021027636\", 0], [\"210021027647\", 0], [\"210021027658\", 0]], [[\"210021027637\", 0], [\"210021027648\", 0], [\"210021027659\", 0]], [[\"210021027638\", 0], [\"210021027649\", 0], [\"9495965682\", 0]], [[\"210021027639\", 0], [\"210021027650\", 0], [\"9400690232\", 0]], [[\"210021027640\", 0], [\"210021027651\", 0], [\"9188524232\", 0]], [[\"210021027641\", 0], [\"210021027652\", 0], [\"9746183682\", 0]], [[\"210021027642\", 0], [\"210021027653\", 0], [\"9961061583\", 0]], [[\"210021027643\", 0], [\"210021027654\", 0], [\"8921769021\", \"Scribe\"]], [[\"210021027644\", 0], [\"210021027655\", 0], [\"7909198712\", \"Scribe\"]]]','{\"CC1CRT01\": {\"Count\": 33, \"Ranges\": [\"210021027634-210021027659 (26)\", \"9495965682 (1)\", \"9400690232 (1)\", \"9188524232 (1)\", \"9746183682 (1)\", \"9961061583 (1)\", \"8921769021 (1)\", \"7909198712 (1)\"]}}','{\"2\": [\"SPC005\"]}'),(73,1,86,'[[[\"210021027634\", \"210021012501\"], [\"210021027649\", \"210021012516\"], [\"210021012531\", 0], [\"210021012546\", 0], [0, 0], [0, 0]], [[\"210021027635\", \"210021012502\"], [\"210021027650\", \"210021012517\"], [\"210021012532\", 0], [\"210021012547\", 0], [0, 0], [0, 0]], [[\"210021027636\", \"210021012503\"], [\"210021027651\", \"210021012518\"], [\"210021012533\", 0], [\"210021012548\", 0], [0, 0], [0, 0]], [[\"210021027637\", \"210021012504\"], [\"210021027652\", \"210021012519\"], [\"210021012534\", 0], [\"210021012549\", 0], [0, 0], [0, 0]], [[\"210021027638\", \"210021012505\"], [\"210021027653\", \"210021012520\"], [\"210021012535\", 0], [\"210021012550\", 0], [0, 0], [0, 0]], [[\"210021027639\", \"210021012506\"], [\"210021027654\", \"210021012521\"], [\"210021012536\", 0], [\"210021012551\", 0], [0, 0], [0, 0]], [[\"210021027640\", \"210021012507\"], [\"210021027655\", \"210021012522\"], [\"210021012537\", 0], [\"210021012552\", 0], [0, 0], [0, 0]], [[\"210021027641\", \"210021012508\"], [\"210021027656\", \"210021012523\"], [\"210021012538\", 0], [\"210021012553\", 0], [0, 0], [0, 0]], [[\"210021027642\", \"210021012509\"], [\"210021027657\", \"210021012524\"], [\"210021012539\", 0], [\"210021012554\", 0], [0, 0], [0, 0]], [[\"210021027643\", \"210021012510\"], [\"210021027658\", \"210021012525\"], [\"210021012540\", 0], [\"210021012555\", 0], [0, 0], [0, 0]], [[\"210021027644\", \"210021012511\"], [\"210021027659\", \"210021012526\"], [\"210021012541\", 0], [\"210021012556\", 0], [0, 0], [0, 0]], [[\"210021027645\", \"210021012512\"], [\"210021012527\", 0], [\"210021012542\", 0], [\"210021012557\", 0], [0, 0], [0, 0]], [[\"210021027646\", \"210021012513\"], [\"210021012528\", 0], [\"210021012543\", 0], [\"210021012558\", 0], [0, 0], [0, 0]], [[\"210021027647\", \"210021012514\"], [\"210021012529\", 0], [\"210021012544\", 0], [\"210021012559\", 0], [0, 0], [0, 0]], [[\"210021027648\", \"210021012515\"], [\"210021012530\", 0], [\"210021012545\", 0], [\"210021012560\", 0], [0, 0], [0, 0]]]','{\"CCXCRP01\": {\"Count\": 26, \"Ranges\": [\"210021027634-210021027659 (26)\"]}, \"EC1ERT07\": {\"Count\": 60, \"Ranges\": [\"210021012527-210021012560 (34)\", \"210021012501-210021012526 (26)\"]}}','{\"1\": [\"Alias P George\", \"Aleena Varghese\", \"Marymol John\"]}'),(74,1,192,'[[[\"210021005077\", \"210021070018\"], [\"210021005094\", \"210021070034\"], [\"210021001173\", \"210021070050\"], [\"210021001189\", \"210021073256\"], [\"210021001205\", \"210021073272\"], [\"210021066098\", \"210021073289\"]], [[\"210021005078\", \"210021070019\"], [\"210021005095\", \"210021070035\"], [\"210021001174\", \"210021070051\"], [\"210021001190\", \"210021073257\"], [\"210021001206\", \"210021073273\"], [\"210021066099\", \"210021073290\"]], [[\"210021005079\", \"210021070020\"], [\"210021005096\", \"210021070036\"], [\"210021001175\", \"210021070052\"], [\"210021001191\", \"210021073258\"], [\"210021001207\", \"210021073274\"], [\"210021066100\", \"210021073291\"]], [[\"210021005080\", \"210021070021\"], [\"210021005097\", \"210021070037\"], [\"210021001176\", \"210021070053\"], [\"210021001192\", \"210021073259\"], [\"210021001208\", \"210021073275\"], [\"210021066101\", \"210021073292\"]], [[\"210021005082\", \"210021070022\"], [\"210021005098\", \"210021070038\"], [\"210021001177\", \"210021070054\"], [\"210021001193\", \"210021073260\"], [\"210021005081\", \"210021073276\"], [\"210021066102\", \"210021073293\"]], [[\"210021005083\", \"210021070023\"], [\"210021005099\", \"210021070039\"], [\"210021001178\", \"210021070055\"], [\"210021001194\", \"210021073261\"], [\"210021066086\", \"210021073277\"], [\"210021066103\", \"210021073294\"]], [[\"210021005084\", \"210021070024\"], [\"210021005100\", \"210021070040\"], [\"210021001179\", \"210021070056\"], [\"210021001195\", \"210021073262\"], [\"210021066087\", \"210021073279\"], [\"210021066104\", \"210021073295\"]], [[\"210021005085\", \"210021070025\"], [\"210021005101\", \"210021070041\"], [\"210021001180\", \"210021070057\"], [\"210021001196\", \"210021073263\"], [\"210021066088\", \"210021073280\"], [\"210021066105\", \"210021073296\"]], [[\"210021005086\", \"210021070026\"], [\"210021005102\", \"210021070042\"], [\"210021001181\", \"210021073248\"], [\"210021001197\", \"210021073264\"], [\"210021066089\", \"210021073281\"], [\"210021066106\", \"210021073297\"]], [[\"210021005087\", \"210021070027\"], [\"210021005103\", \"210021070043\"], [\"210021001182\", \"210021073249\"], [\"210021001198\", \"210021073265\"], [\"210021066091\", \"210021073282\"], [\"210021066107\", \"210021073298\"]], [[\"210021005088\", \"210021070028\"], [\"210021005104\", \"210021070044\"], [\"210021001183\", \"210021073250\"], [\"210021001199\", \"210021073266\"], [\"210021066092\", \"210021073283\"], [\"210021066108\", \"210021073278\"]], [[\"210021005089\", \"210021070029\"], [\"210021005105\", \"210021070045\"], [\"210021001184\", \"210021073251\"], [\"210021001200\", \"210021073267\"], [\"210021066093\", \"210021073284\"], [\"210021066109\", \"210021080295\"]], [[\"210021005090\", \"210021070030\"], [\"210021001169\", \"210021070046\"], [\"210021001185\", \"210021073252\"], [\"210021001201\", \"210021073268\"], [\"210021066094\", \"210021073285\"], [\"210021066110\", \"210021080296\"]], [[\"210021005091\", \"210021070031\"], [\"210021001170\", \"210021070047\"], [\"210021001186\", \"210021073253\"], [\"210021001202\", \"210021073269\"], [\"210021066095\", \"210021073286\"], [\"210021066111\", \"210021080298\"]], [[\"210021005092\", \"210021070032\"], [\"210021001171\", \"210021070048\"], [\"210021001187\", \"210021073254\"], [\"210021001203\", \"210021073270\"], [\"210021066096\", \"210021073287\"], [\"210021066112\", \"210021080299\"]], [[\"210021005093\", \"210021070033\"], [\"210021001172\", \"210021070049\"], [\"210021001188\", \"210021073255\"], [\"210021001204\", \"210021073271\"], [\"210021066097\", \"210021073288\"], [\"210021066113\", \"210021080300\"]]]','{\"httjjt\": {\"Count\": 192, \"Ranges\": [\"210021005077-210021005080 (4)\", \"210021005082-210021005105 (24)\", \"210021001169-210021001208 (40)\", \"210021005081 (1)\", \"210021066086-210021066089 (4)\", \"210021066091-210021066113 (23)\", \"210021070018-210021070057 (40)\", \"210021073248-210021073277 (30)\", \"210021073279-210021073298 (20)\", \"210021073278 (1)\", \"210021080295-210021080296 (2)\", \"210021080298-210021080300 (3)\"]}}','{\"1\": [\"Maria Augustine (Chemistry)\", \"Jose Babu (English)\", \"Subha P P (Physics)\", \"Vidya R (Tourism and Hospitality)\", \"Anuba C B (Broadcasting and Journalism)\", \"Ashwin K V Namboodiri (Broadcasting and Journalism)\"], \"2\": [\"Theja Teresa (Business Administration)\", \"Chinthu Jose (Business Administration)\"], \"3\": [\"Bichu S Nair (Business Administration)\", \"John Mathew (Commerce)\"], \"4\": [\"Meera Jacob (Chemistry)\", \"Texin Joseph (Chemistry)\"], \"5\": [\"Asha E Thomas (Commerce)\", \"Christy George M J (Commerce)\"], \"6\": [\"Abhijith T S (English)\"], \"7\": [\"Deepthi Gopinath (Commerce SF)\"], \"8\": [\"Priyanka Presannan (Commerce SF)\"], \"9\": [\"Remyamol K P (Commerce SF)\"], \"10\": [\"Nikita Pinheiro (Computer Science)\"], \"11\": [\"Justine George (Economics)\"], \"12\": [\"Siby K M (Economics)\"], \"13\": [\"Smiji A J (Economics)\"], \"14\": [\"Binil Kumar (English)\"], \"15\": [\"Sreelekshmi J (English SF)\"]}'),(74,2,60,'[[[\"210021066114\", \"210021080301\"], [\"210021066124\", \"210021080311\"], [\"210021066134\", \"210021080321\"]], [[\"210021066115\", \"210021080302\"], [\"210021066125\", \"210021080312\"], [\"210021066135\", \"210021080322\"]], [[\"210021066116\", \"210021080303\"], [\"210021066126\", \"210021080313\"], [\"210021066136\", \"210021080323\"]], [[\"210021066117\", \"210021080304\"], [\"210021066127\", \"210021080314\"], [\"210021066137\", \"210021080324\"]], [[\"210021066118\", \"210021080305\"], [\"210021066128\", \"210021080315\"], [\"210021012501\", \"210021080325\"]], [[\"210021066119\", \"210021080306\"], [\"210021066129\", \"210021080316\"], [\"210021012502\", \"210021080326\"]], [[\"210021066120\", \"210021080307\"], [\"210021066130\", \"210021080317\"], [\"210021012503\", \"210021080327\"]], [[\"210021066121\", \"210021080308\"], [\"210021066131\", \"210021080318\"], [\"210021012504\", \"210021080328\"]], [[\"210021066122\", \"210021080309\"], [\"210021066132\", \"210021080319\"], [\"210021012505\", \"210021080329\"]], [[\"210021066123\", \"210021080310\"], [\"210021066133\", \"210021080320\"], [\"210021012506\", \"210021080330\"]]]','{\"httjjt\": {\"Count\": 60, \"Ranges\": [\"210021066114-210021066137 (24)\", \"210021012501-210021012506 (6)\", \"210021080301-210021080330 (30)\"]}}','{\"1\": [\"Maria Augustine (Chemistry)\", \"Jose Babu (English)\", \"Subha P P (Physics)\", \"Vidya R (Tourism and Hospitality)\", \"Anuba C B (Broadcasting and Journalism)\", \"Ashwin K V Namboodiri (Broadcasting and Journalism)\"], \"2\": [\"Theja Teresa (Business Administration)\", \"Chinthu Jose (Business Administration)\"], \"3\": [\"Bichu S Nair (Business Administration)\", \"John Mathew (Commerce)\"], \"4\": [\"Meera Jacob (Chemistry)\", \"Texin Joseph (Chemistry)\"], \"5\": [\"Asha E Thomas (Commerce)\", \"Christy George M J (Commerce)\"], \"6\": [\"Abhijith T S (English)\"], \"7\": [\"Deepthi Gopinath (Commerce SF)\"], \"8\": [\"Priyanka Presannan (Commerce SF)\"], \"9\": [\"Remyamol K P (Commerce SF)\"], \"10\": [\"Nikita Pinheiro (Computer Science)\"], \"11\": [\"Justine George (Economics)\"], \"12\": [\"Siby K M (Economics)\"], \"13\": [\"Smiji A J (Economics)\"], \"14\": [\"Binil Kumar (English)\"], \"15\": [\"Sreelekshmi J (English SF)\"]}'),(74,3,60,'[[[\"210021012507\", \"210021080331\"], [\"210021012517\", \"210021080341\"], [\"210021012527\", \"210041000364\"]], [[\"210021012508\", \"210021080332\"], [\"210021012518\", \"210021080342\"], [\"210021012528\", \"210041000365\"]], [[\"210021012509\", \"210021080333\"], [\"210021012519\", \"210021080343\"], [\"210021012529\", \"210041000366\"]], [[\"210021012510\", \"210021080334\"], [\"210021012520\", \"210021080344\"], [\"210021012530\", \"210041000367\"]], [[\"210021012511\", \"210021080335\"], [\"210021012521\", \"210021080345\"], [\"210021012531\", \"210041000368\"]], [[\"210021012512\", \"210021080336\"], [\"210021012522\", \"210041000359\"], [\"210021012532\", \"210041000369\"]], [[\"210021012513\", \"210021080337\"], [\"210021012523\", \"210041000360\"], [\"210021012533\", \"210041000370\"]], [[\"210021012514\", \"210021080338\"], [\"210021012524\", \"210041000361\"], [\"210021012534\", \"210041000371\"]], [[\"210021012515\", \"210021080339\"], [\"210021012525\", \"210041000362\"], [\"210021012535\", \"210041000372\"]], [[\"210021012516\", \"210021080340\"], [\"210021012526\", \"210041000363\"], [\"210021012536\", \"210041000373\"]]]','{\"httjjt\": {\"Count\": 60, \"Ranges\": [\"210021012507-210021012536 (30)\", \"210021080331-210021080345 (15)\", \"210041000359-210041000373 (15)\"]}}','{\"1\": [\"Maria Augustine (Chemistry)\", \"Jose Babu (English)\", \"Subha P P (Physics)\", \"Vidya R (Tourism and Hospitality)\", \"Anuba C B (Broadcasting and Journalism)\", \"Ashwin K V Namboodiri (Broadcasting and Journalism)\"], \"2\": [\"Theja Teresa (Business Administration)\", \"Chinthu Jose (Business Administration)\"], \"3\": [\"Bichu S Nair (Business Administration)\", \"John Mathew (Commerce)\"], \"4\": [\"Meera Jacob (Chemistry)\", \"Texin Joseph (Chemistry)\"], \"5\": [\"Asha E Thomas (Commerce)\", \"Christy George M J (Commerce)\"], \"6\": [\"Abhijith T S (English)\"], \"7\": [\"Deepthi Gopinath (Commerce SF)\"], \"8\": [\"Priyanka Presannan (Commerce SF)\"], \"9\": [\"Remyamol K P (Commerce SF)\"], \"10\": [\"Nikita Pinheiro (Computer Science)\"], \"11\": [\"Justine George (Economics)\"], \"12\": [\"Siby K M (Economics)\"], \"13\": [\"Smiji A J (Economics)\"], \"14\": [\"Binil Kumar (English)\"], \"15\": [\"Sreelekshmi J (English SF)\"]}'),(74,4,60,'[[[\"210021012537\", \"210041000374\"], [\"210021012547\", \"210041000384\"], [\"210021012557\", \"210041000394\"]], [[\"210021012538\", \"210041000375\"], [\"210021012548\", \"210041000385\"], [\"210021012558\", \"210041000395\"]], [[\"210021012539\", \"210041000376\"], [\"210021012549\", \"210041000386\"], [\"210021012559\", \"210041000396\"]], [[\"210021012540\", \"210041000377\"], [\"210021012550\", \"210041000387\"], [\"210021012560\", \"210041000397\"]], [[\"210021012541\", \"210041000378\"], [\"210021012551\", \"210041000388\"], [\"210021027040\", \"210041000398\"]], [[\"210021012542\", \"210041000379\"], [\"210021012552\", \"210041000389\"], [\"210021027041\", \"210041000399\"]], [[\"210021012543\", \"210041000380\"], [\"210021012553\", \"210041000390\"], [\"210021027042\", \"210041000400\"]], [[\"210021012544\", \"210041000381\"], [\"210021012554\", \"210041000391\"], [\"210021027043\", \"210041000401\"]], [[\"210021012545\", \"210041000382\"], [\"210021012555\", \"210041000392\"], [\"210021027044\", \"210041000402\"]], [[\"210021012546\", \"210041000383\"], [\"210021012556\", \"210041000393\"], [\"210021027045\", \"210041000403\"]]]','{\"httjjt\": {\"Count\": 60, \"Ranges\": [\"210021012537-210021012560 (24)\", \"210021027040-210021027045 (6)\", \"210041000374-210041000403 (30)\"]}}','{\"1\": [\"Maria Augustine (Chemistry)\", \"Jose Babu (English)\", \"Subha P P (Physics)\", \"Vidya R (Tourism and Hospitality)\", \"Anuba C B (Broadcasting and Journalism)\", \"Ashwin K V Namboodiri (Broadcasting and Journalism)\"], \"2\": [\"Theja Teresa (Business Administration)\", \"Chinthu Jose (Business Administration)\"], \"3\": [\"Bichu S Nair (Business Administration)\", \"John Mathew (Commerce)\"], \"4\": [\"Meera Jacob (Chemistry)\", \"Texin Joseph (Chemistry)\"], \"5\": [\"Asha E Thomas (Commerce)\", \"Christy George M J (Commerce)\"], \"6\": [\"Abhijith T S (English)\"], \"7\": [\"Deepthi Gopinath (Commerce SF)\"], \"8\": [\"Priyanka Presannan (Commerce SF)\"], \"9\": [\"Remyamol K P (Commerce SF)\"], \"10\": [\"Nikita Pinheiro (Computer Science)\"], \"11\": [\"Justine George (Economics)\"], \"12\": [\"Siby K M (Economics)\"], \"13\": [\"Smiji A J (Economics)\"], \"14\": [\"Binil Kumar (English)\"], \"15\": [\"Sreelekshmi J (English SF)\"]}'),(74,5,60,'[[[\"210021027046\", \"210041000404\"], [\"210021027056\", \"210041000414\"], [\"210021027634\", \"210041000962\"]], [[\"210021027047\", \"210041000405\"], [\"210021027057\", \"210041000415\"], [\"210021027635\", \"210041000963\"]], [[\"210021027048\", \"210041000406\"], [\"210021027058\", \"210041000416\"], [\"210021027636\", \"210041000964\"]], [[\"210021027049\", \"210041000407\"], [\"210021027059\", \"210041000417\"], [\"210021027637\", \"210041000965\"]], [[\"210021027050\", \"210041000408\"], [\"210021027060\", \"210041000418\"], [\"210021027638\", \"210041000966\"]], [[\"210021027051\", \"210041000409\"], [\"210021027061\", \"210041000419\"], [\"210021027639\", \"210041000967\"]], [[\"210021027052\", \"210041000410\"], [\"210021027062\", \"210041000420\"], [\"210021027640\", \"210041000968\"]], [[\"210021027053\", \"210041000411\"], [\"210021027063\", \"210041000959\"], [\"210021027641\", \"210041000969\"]], [[\"210021027054\", \"210041000412\"], [\"210021027064\", \"210041000960\"], [\"210021027642\", \"210041000970\"]], [[\"210021027055\", \"210041000413\"], [\"210021027181\", \"210041000961\"], [\"210021027643\", \"210041000971\"]]]','{\"httjjt\": {\"Count\": 60, \"Ranges\": [\"210021027046-210021027064 (19)\", \"210021027181 (1)\", \"210021027634-210021027643 (10)\", \"210041000404-210041000420 (17)\", \"210041000959-210041000971 (13)\"]}}','{\"1\": [\"Maria Augustine (Chemistry)\", \"Jose Babu (English)\", \"Subha P P (Physics)\", \"Vidya R (Tourism and Hospitality)\", \"Anuba C B (Broadcasting and Journalism)\", \"Ashwin K V Namboodiri (Broadcasting and Journalism)\"], \"2\": [\"Theja Teresa (Business Administration)\", \"Chinthu Jose (Business Administration)\"], \"3\": [\"Bichu S Nair (Business Administration)\", \"John Mathew (Commerce)\"], \"4\": [\"Meera Jacob (Chemistry)\", \"Texin Joseph (Chemistry)\"], \"5\": [\"Asha E Thomas (Commerce)\", \"Christy George M J (Commerce)\"], \"6\": [\"Abhijith T S (English)\"], \"7\": [\"Deepthi Gopinath (Commerce SF)\"], \"8\": [\"Priyanka Presannan (Commerce SF)\"], \"9\": [\"Remyamol K P (Commerce SF)\"], \"10\": [\"Nikita Pinheiro (Computer Science)\"], \"11\": [\"Justine George (Economics)\"], \"12\": [\"Siby K M (Economics)\"], \"13\": [\"Smiji A J (Economics)\"], \"14\": [\"Binil Kumar (English)\"], \"15\": [\"Sreelekshmi J (English SF)\"]}'),(74,6,30,'[[[\"210021027644\", \"210041000972\"], [\"210021027649\", \"210041000978\"], [\"210021027654\", \"210041000983\"]], [[\"210021027645\", \"210041000974\"], [\"210021027650\", \"210041000979\"], [\"210021027655\", \"210041000984\"]], [[\"210021027646\", \"210041000975\"], [\"210021027651\", \"210041000980\"], [\"210021027656\", \"210041000985\"]], [[\"210021027647\", \"210041000976\"], [\"210021027652\", \"210041000981\"], [\"210021027657\", \"210041000986\"]], [[\"210021027648\", \"210041000977\"], [\"210021027653\", \"210041000982\"], [\"210021027658\", \"210041000987\"]]]','{\"httjjt\": {\"Count\": 30, \"Ranges\": [\"210021027644-210021027658 (15)\", \"210041000972 (1)\", \"210041000974-210041000987 (14)\"]}}','{\"1\": [\"Maria Augustine (Chemistry)\", \"Jose Babu (English)\", \"Subha P P (Physics)\", \"Vidya R (Tourism and Hospitality)\", \"Anuba C B (Broadcasting and Journalism)\", \"Ashwin K V Namboodiri (Broadcasting and Journalism)\"], \"2\": [\"Theja Teresa (Business Administration)\", \"Chinthu Jose (Business Administration)\"], \"3\": [\"Bichu S Nair (Business Administration)\", \"John Mathew (Commerce)\"], \"4\": [\"Meera Jacob (Chemistry)\", \"Texin Joseph (Chemistry)\"], \"5\": [\"Asha E Thomas (Commerce)\", \"Christy George M J (Commerce)\"], \"6\": [\"Abhijith T S (English)\"], \"7\": [\"Deepthi Gopinath (Commerce SF)\"], \"8\": [\"Priyanka Presannan (Commerce SF)\"], \"9\": [\"Remyamol K P (Commerce SF)\"], \"10\": [\"Nikita Pinheiro (Computer Science)\"], \"11\": [\"Justine George (Economics)\"], \"12\": [\"Siby K M (Economics)\"], \"13\": [\"Smiji A J (Economics)\"], \"14\": [\"Binil Kumar (English)\"], \"15\": [\"Sreelekshmi J (English SF)\"]}'),(74,7,30,'[[[\"210021027659\", \"210041000988\"], [\"210021031964\", \"210041000994\"], [\"210021031969\", \"210041001886\"]], [[\"210021031960\", \"210041000989\"], [\"210021031965\", \"210041000995\"], [\"210021031970\", \"210041001887\"]], [[\"210021031961\", \"210041000990\"], [\"210021031966\", \"210041000996\"], [\"210021031972\", \"210041001888\"]], [[\"210021031962\", \"210041000991\"], [\"210021031967\", \"210041000998\"], [\"210021031973\", \"210041001889\"]], [[\"210021031963\", \"210041000992\"], [\"210021031968\", \"210041001885\"], [\"210021031974\", \"210041001890\"]]]','{\"httjjt\": {\"Count\": 30, \"Ranges\": [\"210021027659 (1)\", \"210021031960-210021031970 (11)\", \"210021031972-210021031974 (3)\", \"210041000988-210041000992 (5)\", \"210041000994-210041000996 (3)\", \"210041000998 (1)\", \"210041001885-210041001890 (6)\"]}}','{\"1\": [\"Maria Augustine (Chemistry)\", \"Jose Babu (English)\", \"Subha P P (Physics)\", \"Vidya R (Tourism and Hospitality)\", \"Anuba C B (Broadcasting and Journalism)\", \"Ashwin K V Namboodiri (Broadcasting and Journalism)\"], \"2\": [\"Theja Teresa (Business Administration)\", \"Chinthu Jose (Business Administration)\"], \"3\": [\"Bichu S Nair (Business Administration)\", \"John Mathew (Commerce)\"], \"4\": [\"Meera Jacob (Chemistry)\", \"Texin Joseph (Chemistry)\"], \"5\": [\"Asha E Thomas (Commerce)\", \"Christy George M J (Commerce)\"], \"6\": [\"Abhijith T S (English)\"], \"7\": [\"Deepthi Gopinath (Commerce SF)\"], \"8\": [\"Priyanka Presannan (Commerce SF)\"], \"9\": [\"Remyamol K P (Commerce SF)\"], \"10\": [\"Nikita Pinheiro (Computer Science)\"], \"11\": [\"Justine George (Economics)\"], \"12\": [\"Siby K M (Economics)\"], \"13\": [\"Smiji A J (Economics)\"], \"14\": [\"Binil Kumar (English)\"], \"15\": [\"Sreelekshmi J (English SF)\"]}'),(74,8,30,'[[[\"210021031975\", \"210041001891\"], [\"210021031980\", \"210041001896\"], [\"210021031985\", \"210041001901\"]], [[\"210021031976\", \"210041001892\"], [\"210021031981\", \"210041001897\"], [\"210021031986\", \"210041001902\"]], [[\"210021031977\", \"210041001893\"], [\"210021031982\", \"210041001898\"], [\"210021031987\", \"210041001903\"]], [[\"210021031978\", \"210041001894\"], [\"210021031983\", \"210041001899\"], [\"210021031988\", \"210041001904\"]], [[\"210021031979\", \"210041001895\"], [\"210021031984\", \"210041001900\"], [\"210021031989\", \"210041001905\"]]]','{\"httjjt\": {\"Count\": 30, \"Ranges\": [\"210021031975-210021031989 (15)\", \"210041001891-210041001905 (15)\"]}}','{\"1\": [\"Maria Augustine (Chemistry)\", \"Jose Babu (English)\", \"Subha P P (Physics)\", \"Vidya R (Tourism and Hospitality)\", \"Anuba C B (Broadcasting and Journalism)\", \"Ashwin K V Namboodiri (Broadcasting and Journalism)\"], \"2\": [\"Theja Teresa (Business Administration)\", \"Chinthu Jose (Business Administration)\"], \"3\": [\"Bichu S Nair (Business Administration)\", \"John Mathew (Commerce)\"], \"4\": [\"Meera Jacob (Chemistry)\", \"Texin Joseph (Chemistry)\"], \"5\": [\"Asha E Thomas (Commerce)\", \"Christy George M J (Commerce)\"], \"6\": [\"Abhijith T S (English)\"], \"7\": [\"Deepthi Gopinath (Commerce SF)\"], \"8\": [\"Priyanka Presannan (Commerce SF)\"], \"9\": [\"Remyamol K P (Commerce SF)\"], \"10\": [\"Nikita Pinheiro (Computer Science)\"], \"11\": [\"Justine George (Economics)\"], \"12\": [\"Siby K M (Economics)\"], \"13\": [\"Smiji A J (Economics)\"], \"14\": [\"Binil Kumar (English)\"], \"15\": [\"Sreelekshmi J (English SF)\"]}'),(74,9,30,'[[[\"210021031990\", \"210041001906\"], [\"210021034774\", \"210041001911\"], [\"210021034779\", \"210041001916\"]], [[\"210021034770\", \"210041001907\"], [\"210021034775\", \"210041001912\"], [\"210021034780\", \"210041001917\"]], [[\"210021034771\", \"210041001908\"], [\"210021034776\", \"210041001913\"], [\"210021034781\", \"210041001918\"]], [[\"210021034772\", \"210041001909\"], [\"210021034777\", \"210041001914\"], [\"210021034782\", \"210041001919\"]], [[\"210021034773\", \"210041001910\"], [\"210021034778\", \"210041001915\"], [\"210021034783\", \"210041001920\"]]]','{\"httjjt\": {\"Count\": 30, \"Ranges\": [\"210021031990 (1)\", \"210021034770-210021034783 (14)\", \"210041001906-210041001920 (15)\"]}}','{\"1\": [\"Maria Augustine (Chemistry)\", \"Jose Babu (English)\", \"Subha P P (Physics)\", \"Vidya R (Tourism and Hospitality)\", \"Anuba C B (Broadcasting and Journalism)\", \"Ashwin K V Namboodiri (Broadcasting and Journalism)\"], \"2\": [\"Theja Teresa (Business Administration)\", \"Chinthu Jose (Business Administration)\"], \"3\": [\"Bichu S Nair (Business Administration)\", \"John Mathew (Commerce)\"], \"4\": [\"Meera Jacob (Chemistry)\", \"Texin Joseph (Chemistry)\"], \"5\": [\"Asha E Thomas (Commerce)\", \"Christy George M J (Commerce)\"], \"6\": [\"Abhijith T S (English)\"], \"7\": [\"Deepthi Gopinath (Commerce SF)\"], \"8\": [\"Priyanka Presannan (Commerce SF)\"], \"9\": [\"Remyamol K P (Commerce SF)\"], \"10\": [\"Nikita Pinheiro (Computer Science)\"], \"11\": [\"Justine George (Economics)\"], \"12\": [\"Siby K M (Economics)\"], \"13\": [\"Smiji A J (Economics)\"], \"14\": [\"Binil Kumar (English)\"], \"15\": [\"Sreelekshmi J (English SF)\"]}'),(74,10,30,'[[[\"210021034784\", \"210041001921\"], [\"210021034789\", \"210041001926\"], [\"210021034794\", \"210041001931\"]], [[\"210021034785\", \"210041001922\"], [\"210021034790\", \"210041001927\"], [\"210021034795\", \"210041001932\"]], [[\"210021034786\", \"210041001923\"], [\"210021034791\", \"210041001928\"], [\"210021034796\", \"210041001933\"]], [[\"210021034787\", \"210041001924\"], [\"210021034792\", \"210041001929\"], [\"210021034797\", \"210041001934\"]], [[\"210021034788\", \"210041001925\"], [\"210021034793\", \"210041001930\"], [\"210021034798\", \"210041001935\"]]]','{\"httjjt\": {\"Count\": 30, \"Ranges\": [\"210021034784-210021034798 (15)\", \"210041001921-210041001935 (15)\"]}}','{\"1\": [\"Maria Augustine (Chemistry)\", \"Jose Babu (English)\", \"Subha P P (Physics)\", \"Vidya R (Tourism and Hospitality)\", \"Anuba C B (Broadcasting and Journalism)\", \"Ashwin K V Namboodiri (Broadcasting and Journalism)\"], \"2\": [\"Theja Teresa (Business Administration)\", \"Chinthu Jose (Business Administration)\"], \"3\": [\"Bichu S Nair (Business Administration)\", \"John Mathew (Commerce)\"], \"4\": [\"Meera Jacob (Chemistry)\", \"Texin Joseph (Chemistry)\"], \"5\": [\"Asha E Thomas (Commerce)\", \"Christy George M J (Commerce)\"], \"6\": [\"Abhijith T S (English)\"], \"7\": [\"Deepthi Gopinath (Commerce SF)\"], \"8\": [\"Priyanka Presannan (Commerce SF)\"], \"9\": [\"Remyamol K P (Commerce SF)\"], \"10\": [\"Nikita Pinheiro (Computer Science)\"], \"11\": [\"Justine George (Economics)\"], \"12\": [\"Siby K M (Economics)\"], \"13\": [\"Smiji A J (Economics)\"], \"14\": [\"Binil Kumar (English)\"], \"15\": [\"Sreelekshmi J (English SF)\"]}'),(74,11,30,'[[[\"210021034799\", \"210041001936\"], [\"210021063440\", \"210041001941\"], [\"210021063445\", \"210041001946\"]], [[\"210021034800\", \"210041001937\"], [\"210021063441\", \"210041001942\"], [\"210021063446\", \"210041001947\"]], [[\"210021063437\", \"210041001938\"], [\"210021063442\", \"210041001943\"], [\"210021063447\", \"210041001948\"]], [[\"210021063438\", \"210041001939\"], [\"210021063443\", \"210041001944\"], [\"210021063448\", \"210041001949\"]], [[\"210021063439\", \"210041001940\"], [\"210021063444\", \"210041001945\"], [\"210021063449\", \"210041002067\"]]]','{\"httjjt\": {\"Count\": 30, \"Ranges\": [\"210021034799-210021034800 (2)\", \"210021063437-210021063449 (13)\", \"210041001936-210041001949 (14)\", \"210041002067 (1)\"]}}','{\"1\": [\"Maria Augustine (Chemistry)\", \"Jose Babu (English)\", \"Subha P P (Physics)\", \"Vidya R (Tourism and Hospitality)\", \"Anuba C B (Broadcasting and Journalism)\", \"Ashwin K V Namboodiri (Broadcasting and Journalism)\"], \"2\": [\"Theja Teresa (Business Administration)\", \"Chinthu Jose (Business Administration)\"], \"3\": [\"Bichu S Nair (Business Administration)\", \"John Mathew (Commerce)\"], \"4\": [\"Meera Jacob (Chemistry)\", \"Texin Joseph (Chemistry)\"], \"5\": [\"Asha E Thomas (Commerce)\", \"Christy George M J (Commerce)\"], \"6\": [\"Abhijith T S (English)\"], \"7\": [\"Deepthi Gopinath (Commerce SF)\"], \"8\": [\"Priyanka Presannan (Commerce SF)\"], \"9\": [\"Remyamol K P (Commerce SF)\"], \"10\": [\"Nikita Pinheiro (Computer Science)\"], \"11\": [\"Justine George (Economics)\"], \"12\": [\"Siby K M (Economics)\"], \"13\": [\"Smiji A J (Economics)\"], \"14\": [\"Binil Kumar (English)\"], \"15\": [\"Sreelekshmi J (English SF)\"]}'),(74,12,30,'[[[\"210021063450\", \"210041002068\"], [\"210021063455\", \"210041002073\"], [\"210021063460\", \"210041002078\"]], [[\"210021063451\", \"210041002069\"], [\"210021063456\", \"210041002074\"], [\"210021063461\", \"210041002079\"]], [[\"210021063452\", \"210041002070\"], [\"210021063457\", \"210041002075\"], [\"210021063462\", \"210041002080\"]], [[\"210021063453\", \"210041002071\"], [\"210021063458\", \"210041002076\"], [\"210021063463\", \"210041002081\"]], [[\"210021063454\", \"210041002072\"], [\"210021063459\", \"210041002077\"], [\"210021063464\", \"210041002082\"]]]','{\"httjjt\": {\"Count\": 30, \"Ranges\": [\"210021063450-210021063464 (15)\", \"210041002068-210041002082 (15)\"]}}','{\"1\": [\"Maria Augustine (Chemistry)\", \"Jose Babu (English)\", \"Subha P P (Physics)\", \"Vidya R (Tourism and Hospitality)\", \"Anuba C B (Broadcasting and Journalism)\", \"Ashwin K V Namboodiri (Broadcasting and Journalism)\"], \"2\": [\"Theja Teresa (Business Administration)\", \"Chinthu Jose (Business Administration)\"], \"3\": [\"Bichu S Nair (Business Administration)\", \"John Mathew (Commerce)\"], \"4\": [\"Meera Jacob (Chemistry)\", \"Texin Joseph (Chemistry)\"], \"5\": [\"Asha E Thomas (Commerce)\", \"Christy George M J (Commerce)\"], \"6\": [\"Abhijith T S (English)\"], \"7\": [\"Deepthi Gopinath (Commerce SF)\"], \"8\": [\"Priyanka Presannan (Commerce SF)\"], \"9\": [\"Remyamol K P (Commerce SF)\"], \"10\": [\"Nikita Pinheiro (Computer Science)\"], \"11\": [\"Justine George (Economics)\"], \"12\": [\"Siby K M (Economics)\"], \"13\": [\"Smiji A J (Economics)\"], \"14\": [\"Binil Kumar (English)\"], \"15\": [\"Sreelekshmi J (English SF)\"]}'),(74,13,30,'[[[\"210021063465\", \"210041002083\"], [\"210021063470\", \"210041002089\"], [\"210021063475\", \"210041002094\"]], [[\"210021063466\", \"210041002084\"], [\"210021063471\", \"210041002090\"], [\"210021063476\", \"210041002095\"]], [[\"210021063467\", \"210041002085\"], [\"210021063472\", \"210041002091\"], [\"210021063477\", \"210041002096\"]], [[\"210021063468\", \"210041002086\"], [\"210021063473\", \"210041002092\"], [\"210021063478\", \"210041002097\"]], [[\"210021063469\", \"210041002087\"], [\"210021063474\", \"210041002093\"], [\"210021063479\", \"210041002098\"]]]','{\"httjjt\": {\"Count\": 30, \"Ranges\": [\"210021063465-210021063479 (15)\", \"210041002083-210041002087 (5)\", \"210041002089-210041002098 (10)\"]}}','{\"1\": [\"Maria Augustine (Chemistry)\", \"Jose Babu (English)\", \"Subha P P (Physics)\", \"Vidya R (Tourism and Hospitality)\", \"Anuba C B (Broadcasting and Journalism)\", \"Ashwin K V Namboodiri (Broadcasting and Journalism)\"], \"2\": [\"Theja Teresa (Business Administration)\", \"Chinthu Jose (Business Administration)\"], \"3\": [\"Bichu S Nair (Business Administration)\", \"John Mathew (Commerce)\"], \"4\": [\"Meera Jacob (Chemistry)\", \"Texin Joseph (Chemistry)\"], \"5\": [\"Asha E Thomas (Commerce)\", \"Christy George M J (Commerce)\"], \"6\": [\"Abhijith T S (English)\"], \"7\": [\"Deepthi Gopinath (Commerce SF)\"], \"8\": [\"Priyanka Presannan (Commerce SF)\"], \"9\": [\"Remyamol K P (Commerce SF)\"], \"10\": [\"Nikita Pinheiro (Computer Science)\"], \"11\": [\"Justine George (Economics)\"], \"12\": [\"Siby K M (Economics)\"], \"13\": [\"Smiji A J (Economics)\"], \"14\": [\"Binil Kumar (English)\"], \"15\": [\"Sreelekshmi J (English SF)\"]}'),(74,14,30,'[[[\"210021063480\", \"210041002099\"], [\"210021063485\", \"210041002104\"], [\"210021070000\", \"210041002109\"]], [[\"210021063481\", \"210041002100\"], [\"210021069996\", \"210041002105\"], [\"210021070001\", \"210041002110\"]], [[\"210021063482\", \"210041002101\"], [\"210021069997\", \"210041002106\"], [\"210021070002\", \"210041002111\"]], [[\"210021063483\", \"210041002102\"], [\"210021069998\", \"210041002107\"], [\"210021070003\", \"210041002112\"]], [[\"210021063484\", \"210041002103\"], [\"210021069999\", \"210041002108\"], [\"210021070004\", \"210041002114\"]]]','{\"httjjt\": {\"Count\": 30, \"Ranges\": [\"210021063480-210021063485 (6)\", \"210021069996-210021070004 (9)\", \"210041002099-210041002112 (14)\", \"210041002114 (1)\"]}}','{\"1\": [\"Maria Augustine (Chemistry)\", \"Jose Babu (English)\", \"Subha P P (Physics)\", \"Vidya R (Tourism and Hospitality)\", \"Anuba C B (Broadcasting and Journalism)\", \"Ashwin K V Namboodiri (Broadcasting and Journalism)\"], \"2\": [\"Theja Teresa (Business Administration)\", \"Chinthu Jose (Business Administration)\"], \"3\": [\"Bichu S Nair (Business Administration)\", \"John Mathew (Commerce)\"], \"4\": [\"Meera Jacob (Chemistry)\", \"Texin Joseph (Chemistry)\"], \"5\": [\"Asha E Thomas (Commerce)\", \"Christy George M J (Commerce)\"], \"6\": [\"Abhijith T S (English)\"], \"7\": [\"Deepthi Gopinath (Commerce SF)\"], \"8\": [\"Priyanka Presannan (Commerce SF)\"], \"9\": [\"Remyamol K P (Commerce SF)\"], \"10\": [\"Nikita Pinheiro (Computer Science)\"], \"11\": [\"Justine George (Economics)\"], \"12\": [\"Siby K M (Economics)\"], \"13\": [\"Smiji A J (Economics)\"], \"14\": [\"Binil Kumar (English)\"], \"15\": [\"Sreelekshmi J (English SF)\"]}'),(74,15,26,'[[[\"210021070005\", \"210041002115\"], [\"210021070010\", \"210041002120\"], [\"210021070015\", \"210041002128\"]], [[\"210021070006\", \"210041002116\"], [\"210021070011\", \"210041002123\"], [\"210021070016\", 0]], [[\"210021070007\", \"210041002117\"], [\"210021070012\", \"210041002124\"], [\"210021070017\", 0]], [[\"210021070008\", \"210041002118\"], [\"210021070013\", \"210041002125\"], [\"210041002121\", \"Scribe\"]], [[\"210021070009\", \"210041002119\"], [\"210021070014\", \"210041002126\"], [\"210041002122\", \"Scribe\"]]]','{\"httjjt\": {\"Count\": 26, \"Ranges\": [\"210021070005-210021070017 (13)\", \"210041002121-210041002122 (2)\", \"210041002115-210041002120 (6)\", \"210041002123-210041002126 (4)\", \"210041002128 (1)\"]}}','{\"1\": [\"Maria Augustine (Chemistry)\", \"Jose Babu (English)\", \"Subha P P (Physics)\", \"Vidya R (Tourism and Hospitality)\", \"Anuba C B (Broadcasting and Journalism)\", \"Ashwin K V Namboodiri (Broadcasting and Journalism)\"], \"2\": [\"Theja Teresa (Business Administration)\", \"Chinthu Jose (Business Administration)\"], \"3\": [\"Bichu S Nair (Business Administration)\", \"John Mathew (Commerce)\"], \"4\": [\"Meera Jacob (Chemistry)\", \"Texin Joseph (Chemistry)\"], \"5\": [\"Asha E Thomas (Commerce)\", \"Christy George M J (Commerce)\"], \"6\": [\"Abhijith T S (English)\"], \"7\": [\"Deepthi Gopinath (Commerce SF)\"], \"8\": [\"Priyanka Presannan (Commerce SF)\"], \"9\": [\"Remyamol K P (Commerce SF)\"], \"10\": [\"Nikita Pinheiro (Computer Science)\"], \"11\": [\"Justine George (Economics)\"], \"12\": [\"Siby K M (Economics)\"], \"13\": [\"Smiji A J (Economics)\"], \"14\": [\"Binil Kumar (English)\"], \"15\": [\"Sreelekshmi J (English SF)\"]}'),(76,1,70,'[[[\"210021001169\", 0], [\"210021001186\", 0], [\"210021001201\", 0], [\"210021031967\", 0], [\"210021031983\", 0], [0, 0]], [[\"210021001172\", 0], [\"210021001187\", 0], [\"210021001202\", 0], [\"210021031968\", 0], [\"210021031984\", 0], [0, 0]], [[\"210021001173\", 0], [\"210021001188\", 0], [\"210021001203\", 0], [\"210021031969\", 0], [\"210021031985\", 0], [0, 0]], [[\"210021001174\", 0], [\"210021001189\", 0], [\"210021001204\", 0], [\"210021031970\", 0], [\"210021031986\", 0], [0, 0]], [[\"210021001175\", 0], [\"210021001190\", 0], [\"210021001205\", 0], [\"210021031972\", 0], [\"210021031987\", 0], [0, 0]], [[\"210021001176\", 0], [\"210021001191\", 0], [\"210021001206\", 0], [\"210021031973\", 0], [\"210021031988\", 0], [0, 0]], [[\"210021001177\", 0], [\"210021001192\", 0], [\"210021001207\", 0], [\"210021031974\", 0], [\"210021031989\", 0], [0, 0]], [[\"210021001178\", 0], [\"210021001193\", 0], [\"210021001208\", 0], [\"210021031975\", 0], [\"210021031990\", 0], [0, 0]], [[\"210021001179\", 0], [\"210021001194\", 0], [\"210021031960\", 0], [\"210021031976\", 0], [0, 0], [0, 0]], [[\"210021001180\", 0], [\"210021001195\", 0], [\"210021031961\", 0], [\"210021031977\", 0], [0, 0], [0, 0]], [[\"210021001181\", 0], [\"210021001196\", 0], [\"210021031962\", 0], [\"210021031978\", 0], [0, 0], [0, 0]], [[\"210021001182\", 0], [\"210021001197\", 0], [\"210021031963\", 0], [\"210021031979\", 0], [0, 0], [0, 0]], [[\"210021001183\", 0], [\"210021001198\", 0], [\"210021031964\", 0], [\"210021031980\", 0], [0, 0], [0, 0]], [[\"210021001184\", 0], [\"210021001199\", 0], [\"210021031965\", 0], [\"210021031981\", 0], [0, 0], [\"210021001171\", \"Scribe\"]], [[\"210021001185\", 0], [\"210021001200\", 0], [\"210021031966\", 0], [\"210021031982\", 0], [0, 0], [\"210021001170\", \"Scribe\"]]]','{\"223344\": {\"Count\": 70, \"Ranges\": [\"210021001169 (1)\", \"210021001172-210021001208 (37)\", \"210021031960-210021031970 (11)\", \"210021031972-210021031990 (19)\", \"210021001171 (1)\", \"210021001170 (1)\"]}}','{\"1\": [\"Priyesh K V (Physics)\", \"Rajeshmon V G (Physics)\"]}');
/*!40000 ALTER TABLE `room_allocations` ENABLE KEYS */;
UNLOCK TABLES;

--
-- Table structure for table `room_classes`
--

DROP TABLE IF EXISTS `room_classes`;
/*!40101 SET @saved_cs_client     = @@character_set_client */;
/*!50503 SET character_set_client = utf8mb4 */;
CREATE TABLE `room_classes` (
  `room_class_id` int NOT NULL AUTO_INCREMENT,
  `room_class` varchar(255) NOT NULL,
  `seats` int NOT NULL,
  `columns` int NOT NULL,
  `rows` int NOT NULL,
  PRIMARY KEY (`room_class_id`),
  UNIQUE KEY `room_class_id_UNIQUE` (`room_class_id`)
) ENGINE=InnoDB AUTO_INCREMENT=4 DEFAULT CHARSET=utf8mb4 COLLATE=utf8mb4_0900_ai_ci;
/*!40101 SET character_set_client = @saved_cs_client */;

--
-- Dumping data for table `room_classes`
--

LOCK TABLES `room_classes` WRITE;
/*!40000 ALTER TABLE `room_classes` DISABLE KEYS */;
INSERT INTO `room_classes` VALUES (1,'Auditorium',180,6,15),(2,'Large Hall',60,3,10),(3,'Small Hall',30,3,5);
/*!40000 ALTER TABLE `room_classes` ENABLE KEYS */;
UNLOCK TABLES;

--
-- Table structure for table `rooms`
--

DROP TABLE IF EXISTS `rooms`;
/*!40101 SET @saved_cs_client     = @@character_set_client */;
/*!50503 SET character_set_client = utf8mb4 */;
CREATE TABLE `rooms` (
  `room_id` int NOT NULL AUTO_INCREMENT,
  `room_name` varchar(255) NOT NULL,
  `room_class_id` int NOT NULL,
  `additional_row_added` tinyint NOT NULL DEFAULT '0',
  `enabled` tinyint NOT NULL DEFAULT '1',
  PRIMARY KEY (`room_id`),
  UNIQUE KEY `room_id_UNIQUE` (`room_id`),
  UNIQUE KEY `room_name_UNIQUE` (`room_name`),
  KEY `RoomClassID_idx` (`room_class_id`),
  CONSTRAINT `Rooms_RoomClassID` FOREIGN KEY (`room_class_id`) REFERENCES `room_classes` (`room_class_id`) ON DELETE RESTRICT ON UPDATE CASCADE
) ENGINE=InnoDB AUTO_INCREMENT=22 DEFAULT CHARSET=utf8mb4 COLLATE=utf8mb4_0900_ai_ci;
/*!40101 SET character_set_client = @saved_cs_client */;

--
-- Dumping data for table `rooms`
--

LOCK TABLES `rooms` WRITE;
/*!40000 ALTER TABLE `rooms` DISABLE KEYS */;
INSERT INTO `rooms` VALUES (1,'Auditorium',1,1,1),(2,'F21',2,1,1),(3,'F20',2,1,1),(4,'F10',2,1,1),(5,'G19',2,1,1),(6,'G01',3,1,1),(7,'G02',3,1,1),(8,'F01',3,1,1),(9,'F02',3,1,1),(10,'F03',3,1,1),(11,'F11',3,1,1),(12,'F15',3,1,1),(13,'F16',3,1,1),(14,'F17',3,1,1),(15,'S01',3,1,1),(16,'S02',3,1,1),(17,'S03',3,1,1),(18,'S04',3,1,1),(19,'S05',3,1,1),(20,'S16',3,1,1),(21,'S17',3,1,1);
/*!40000 ALTER TABLE `rooms` ENABLE KEYS */;
UNLOCK TABLES;

--
-- Table structure for table `settings`
--

DROP TABLE IF EXISTS `settings`;
/*!40101 SET @saved_cs_client     = @@character_set_client */;
/*!50503 SET character_set_client = utf8mb4 */;
CREATE TABLE `settings` (
  `variable` varchar(100) NOT NULL,
  `value` tinyint DEFAULT '0',
  PRIMARY KEY (`variable`),
  UNIQUE KEY `variable_UNIQUE` (`variable`)
) ENGINE=InnoDB DEFAULT CHARSET=utf8mb4 COLLATE=utf8mb4_0900_ai_ci;
/*!40101 SET character_set_client = @saved_cs_client */;

--
-- Dumping data for table `settings`
--

LOCK TABLES `settings` WRITE;
/*!40000 ALTER TABLE `settings` DISABLE KEYS */;
INSERT INTO `settings` VALUES ('add_room_controller',0);
/*!40000 ALTER TABLE `settings` ENABLE KEYS */;
UNLOCK TABLES;

--
-- Table structure for table `student_allocations`
--

DROP TABLE IF EXISTS `student_allocations`;
/*!40101 SET @saved_cs_client     = @@character_set_client */;
/*!50503 SET character_set_client = utf8mb4 */;
CREATE TABLE `student_allocations` (
  `prn` varchar(20) NOT NULL,
  `exam_id` int NOT NULL,
  `exam_date` varchar(10) NOT NULL,
  `paper_code` varchar(100) NOT NULL,
  `paper_name` varchar(255) NOT NULL,
  `slot` varchar(20) NOT NULL,
  `room_id` int NOT NULL,
  `seat_row` int NOT NULL,
  `seat_column` int NOT NULL,
  `seat_desk` int NOT NULL,
  KEY `StudentAllocations_ExamID_idx` (`room_id`),
  KEY `StudentAllocations_ExamID` (`exam_id`),
  KEY `StudentAllocations_StudentID` (`prn`),
  CONSTRAINT `StudentAllocations_ExamID` FOREIGN KEY (`exam_id`) REFERENCES `exam_data` (`exam_id`) ON DELETE CASCADE ON UPDATE CASCADE,
  CONSTRAINT `StudentAllocations_RoomID` FOREIGN KEY (`room_id`) REFERENCES `rooms` (`room_id`),
  CONSTRAINT `StudentAllocations_StudentID` FOREIGN KEY (`prn`) REFERENCES `students` (`prn`) ON DELETE CASCADE ON UPDATE CASCADE
) ENGINE=InnoDB DEFAULT CHARSET=utf8mb4 COLLATE=utf8mb4_0900_ai_ci;
/*!40101 SET character_set_client = @saved_cs_client */;

--
-- Dumping data for table `student_allocations`
--

LOCK TABLES `student_allocations` WRITE;
/*!40000 ALTER TABLE `student_allocations` DISABLE KEYS */;
INSERT INTO `student_allocations` VALUES ('210021027634',72,'23/04/2024','CC1CRT01','Computer Graphics','Afternoon',2,0,0,0),('210021027645',72,'23/04/2024','CC1CRT01','Computer Graphics','Afternoon',2,0,1,0),('210021027656',72,'23/04/2024','CC1CRT01','Computer Graphics','Afternoon',2,0,2,0),('210021027635',72,'23/04/2024','CC1CRT01','Computer Graphics','Afternoon',2,1,0,0),('210021027646',72,'23/04/2024','CC1CRT01','Computer Graphics','Afternoon',2,1,1,0),('210021027657',72,'23/04/2024','CC1CRT01','Computer Graphics','Afternoon',2,1,2,0),('210021027636',72,'23/04/2024','CC1CRT01','Computer Graphics','Afternoon',2,2,0,0),('210021027647',72,'23/04/2024','CC1CRT01','Computer Graphics','Afternoon',2,2,1,0),('210021027658',72,'23/04/2024','CC1CRT01','Computer Graphics','Afternoon',2,2,2,0),('210021027637',72,'23/04/2024','CC1CRT01','Computer Graphics','Afternoon',2,3,0,0),('210021027648',72,'23/04/2024','CC1CRT01','Computer Graphics','Afternoon',2,3,1,0),('210021027659',72,'23/04/2024','CC1CRT01','Computer Graphics','Afternoon',2,3,2,0),('210021027638',72,'23/04/2024','CC1CRT01','Computer Graphics','Afternoon',2,4,0,0),('210021027649',72,'23/04/2024','CC1CRT01','Computer Graphics','Afternoon',2,4,1,0),('210021027639',72,'23/04/2024','CC1CRT01','Computer Graphics','Afternoon',2,5,0,0),('210021027650',72,'23/04/2024','CC1CRT01','Computer Graphics','Afternoon',2,5,1,0),('210021027640',72,'23/04/2024','CC1CRT01','Computer Graphics','Afternoon',2,6,0,0),('210021027651',72,'23/04/2024','CC1CRT01','Computer Graphics','Afternoon',2,6,1,0),('210021027641',72,'23/04/2024','CC1CRT01','Computer Graphics','Afternoon',2,7,0,0),('210021027652',72,'23/04/2024','CC1CRT01','Computer Graphics','Afternoon',2,7,1,0),('210021027642',72,'23/04/2024','CC1CRT01','Computer Graphics','Afternoon',2,8,0,0),('210021027653',72,'23/04/2024','CC1CRT01','Computer Graphics','Afternoon',2,8,1,0),('210021027643',72,'23/04/2024','CC1CRT01','Computer Graphics','Afternoon',2,9,0,0),('210021027654',72,'23/04/2024','CC1CRT01','Computer Graphics','Afternoon',2,9,1,0),('210021027644',72,'23/04/2024','CC1CRT01','Computer Graphics','Afternoon',2,10,0,0),('210021027655',72,'23/04/2024','CC1CRT01','Computer Graphics','Afternoon',2,10,1,0),('210021027634',73,'29/04/2024','CCXCRP01','Hindi','Afternoon',1,0,0,0),('210021012501',73,'29/04/2024','EC1ERT07','Economics','Afternoon',1,0,0,1),('210021027649',73,'29/04/2024','CCXCRP01','Hindi','Afternoon',1,0,1,0),('210021012516',73,'29/04/2024','EC1ERT07','Economics','Afternoon',1,0,1,1),('210021012531',73,'29/04/2024','EC1ERT07','Economics','Afternoon',1,0,2,0),('210021012546',73,'29/04/2024','EC1ERT07','Economics','Afternoon',1,0,3,0),('210021027635',73,'29/04/2024','CCXCRP01','Hindi','Afternoon',1,1,0,0),('210021012502',73,'29/04/2024','EC1ERT07','Economics','Afternoon',1,1,0,1),('210021027650',73,'29/04/2024','CCXCRP01','Hindi','Afternoon',1,1,1,0),('210021012517',73,'29/04/2024','EC1ERT07','Economics','Afternoon',1,1,1,1),('210021012532',73,'29/04/2024','EC1ERT07','Economics','Afternoon',1,1,2,0),('210021012547',73,'29/04/2024','EC1ERT07','Economics','Afternoon',1,1,3,0),('210021027636',73,'29/04/2024','CCXCRP01','Hindi','Afternoon',1,2,0,0),('210021012503',73,'29/04/2024','EC1ERT07','Economics','Afternoon',1,2,0,1),('210021027651',73,'29/04/2024','CCXCRP01','Hindi','Afternoon',1,2,1,0),('210021012518',73,'29/04/2024','EC1ERT07','Economics','Afternoon',1,2,1,1),('210021012533',73,'29/04/2024','EC1ERT07','Economics','Afternoon',1,2,2,0),('210021012548',73,'29/04/2024','EC1ERT07','Economics','Afternoon',1,2,3,0),('210021027637',73,'29/04/2024','CCXCRP01','Hindi','Afternoon',1,3,0,0),('210021012504',73,'29/04/2024','EC1ERT07','Economics','Afternoon',1,3,0,1),('210021027652',73,'29/04/2024','CCXCRP01','Hindi','Afternoon',1,3,1,0),('210021012519',73,'29/04/2024','EC1ERT07','Economics','Afternoon',1,3,1,1),('210021012534',73,'29/04/2024','EC1ERT07','Economics','Afternoon',1,3,2,0),('210021012549',73,'29/04/2024','EC1ERT07','Economics','Afternoon',1,3,3,0),('210021027638',73,'29/04/2024','CCXCRP01','Hindi','Afternoon',1,4,0,0),('210021012505',73,'29/04/2024','EC1ERT07','Economics','Afternoon',1,4,0,1),('210021027653',73,'29/04/2024','CCXCRP01','Hindi','Afternoon',1,4,1,0),('210021012520',73,'29/04/2024','EC1ERT07','Economics','Afternoon',1,4,1,1),('210021012535',73,'29/04/2024','EC1ERT07','Economics','Afternoon',1,4,2,0),('210021012550',73,'29/04/2024','EC1ERT07','Economics','Afternoon',1,4,3,0),('210021027639',73,'29/04/2024','CCXCRP01','Hindi','Afternoon',1,5,0,0),('210021012506',73,'29/04/2024','EC1ERT07','Economics','Afternoon',1,5,0,1),('210021027654',73,'29/04/2024','CCXCRP01','Hindi','Afternoon',1,5,1,0),('210021012521',73,'29/04/2024','EC1ERT07','Economics','Afternoon',1,5,1,1),('210021012536',73,'29/04/2024','EC1ERT07','Economics','Afternoon',1,5,2,0),('210021012551',73,'29/04/2024','EC1ERT07','Economics','Afternoon',1,5,3,0),('210021027640',73,'29/04/2024','CCXCRP01','Hindi','Afternoon',1,6,0,0),('210021012507',73,'29/04/2024','EC1ERT07','Economics','Afternoon',1,6,0,1),('210021027655',73,'29/04/2024','CCXCRP01','Hindi','Afternoon',1,6,1,0),('210021012522',73,'29/04/2024','EC1ERT07','Economics','Afternoon',1,6,1,1),('210021012537',73,'29/04/2024','EC1ERT07','Economics','Afternoon',1,6,2,0),('210021012552',73,'29/04/2024','EC1ERT07','Economics','Afternoon',1,6,3,0),('210021027641',73,'29/04/2024','CCXCRP01','Hindi','Afternoon',1,7,0,0),('210021012508',73,'29/04/2024','EC1ERT07','Economics','Afternoon',1,7,0,1),('210021027656',73,'29/04/2024','CCXCRP01','Hindi','Afternoon',1,7,1,0),('210021012523',73,'29/04/2024','EC1ERT07','Economics','Afternoon',1,7,1,1),('210021012538',73,'29/04/2024','EC1ERT07','Economics','Afternoon',1,7,2,0),('210021012553',73,'29/04/2024','EC1ERT07','Economics','Afternoon',1,7,3,0),('210021027642',73,'29/04/2024','CCXCRP01','Hindi','Afternoon',1,8,0,0),('210021012509',73,'29/04/2024','EC1ERT07','Economics','Afternoon',1,8,0,1),('210021027657',73,'29/04/2024','CCXCRP01','Hindi','Afternoon',1,8,1,0),('210021012524',73,'29/04/2024','EC1ERT07','Economics','Afternoon',1,8,1,1),('210021012539',73,'29/04/2024','EC1ERT07','Economics','Afternoon',1,8,2,0),('210021012554',73,'29/04/2024','EC1ERT07','Economics','Afternoon',1,8,3,0),('210021027643',73,'29/04/2024','CCXCRP01','Hindi','Afternoon',1,9,0,0),('210021012510',73,'29/04/2024','EC1ERT07','Economics','Afternoon',1,9,0,1),('210021027658',73,'29/04/2024','CCXCRP01','Hindi','Afternoon',1,9,1,0),('210021012525',73,'29/04/2024','EC1ERT07','Economics','Afternoon',1,9,1,1),('210021012540',73,'29/04/2024','EC1ERT07','Economics','Afternoon',1,9,2,0),('210021012555',73,'29/04/2024','EC1ERT07','Economics','Afternoon',1,9,3,0),('210021027644',73,'29/04/2024','CCXCRP01','Hindi','Afternoon',1,10,0,0),('210021012511',73,'29/04/2024','EC1ERT07','Economics','Afternoon',1,10,0,1),('210021027659',73,'29/04/2024','CCXCRP01','Hindi','Afternoon',1,10,1,0),('210021012526',73,'29/04/2024','EC1ERT07','Economics','Afternoon',1,10,1,1),('210021012541',73,'29/04/2024','EC1ERT07','Economics','Afternoon',1,10,2,0),('210021012556',73,'29/04/2024','EC1ERT07','Economics','Afternoon',1,10,3,0),('210021027645',73,'29/04/2024','CCXCRP01','Hindi','Afternoon',1,11,0,0),('210021012512',73,'29/04/2024','EC1ERT07','Economics','Afternoon',1,11,0,1),('210021012527',73,'29/04/2024','EC1ERT07','Economics','Afternoon',1,11,1,0),('210021012542',73,'29/04/2024','EC1ERT07','Economics','Afternoon',1,11,2,0),('210021012557',73,'29/04/2024','EC1ERT07','Economics','Afternoon',1,11,3,0),('210021027646',73,'29/04/2024','CCXCRP01','Hindi','Afternoon',1,12,0,0),('210021012513',73,'29/04/2024','EC1ERT07','Economics','Afternoon',1,12,0,1),('210021012528',73,'29/04/2024','EC1ERT07','Economics','Afternoon',1,12,1,0),('210021012543',73,'29/04/2024','EC1ERT07','Economics','Afternoon',1,12,2,0),('210021012558',73,'29/04/2024','EC1ERT07','Economics','Afternoon',1,12,3,0),('210021027647',73,'29/04/2024','CCXCRP01','Hindi','Afternoon',1,13,0,0),('210021012514',73,'29/04/2024','EC1ERT07','Economics','Afternoon',1,13,0,1),('210021012529',73,'29/04/2024','EC1ERT07','Economics','Afternoon',1,13,1,0),('210021012544',73,'29/04/2024','EC1ERT07','Economics','Afternoon',1,13,2,0),('210021012559',73,'29/04/2024','EC1ERT07','Economics','Afternoon',1,13,3,0),('210021027648',73,'29/04/2024','CCXCRP01','Hindi','Afternoon',1,14,0,0),('210021012515',73,'29/04/2024','EC1ERT07','Economics','Afternoon',1,14,0,1),('210021012530',73,'29/04/2024','EC1ERT07','Economics','Afternoon',1,14,1,0),('210021012545',73,'29/04/2024','EC1ERT07','Economics','Afternoon',1,14,2,0),('210021012560',73,'29/04/2024','EC1ERT07','Economics','Afternoon',1,14,3,0),('210021005077',74,'30/04/2024','httjjt','jtjtjt','Afternoon',1,0,0,0),('210021070018',74,'30/04/2024','httjjt','jtjtjt','Afternoon',1,0,0,1),('210021005094',74,'30/04/2024','httjjt','jtjtjt','Afternoon',1,0,1,0),('210021070034',74,'30/04/2024','httjjt','jtjtjt','Afternoon',1,0,1,1),('210021001173',74,'30/04/2024','httjjt','jtjtjt','Afternoon',1,0,2,0),('210021070050',74,'30/04/2024','httjjt','jtjtjt','Afternoon',1,0,2,1),('210021001189',74,'30/04/2024','httjjt','jtjtjt','Afternoon',1,0,3,0),('210021073256',74,'30/04/2024','httjjt','jtjtjt','Afternoon',1,0,3,1),('210021001205',74,'30/04/2024','httjjt','jtjtjt','Afternoon',1,0,4,0),('210021073272',74,'30/04/2024','httjjt','jtjtjt','Afternoon',1,0,4,1),('210021066098',74,'30/04/2024','httjjt','jtjtjt','Afternoon',1,0,5,0),('210021073289',74,'30/04/2024','httjjt','jtjtjt','Afternoon',1,0,5,1),('210021005078',74,'30/04/2024','httjjt','jtjtjt','Afternoon',1,1,0,0),('210021070019',74,'30/04/2024','httjjt','jtjtjt','Afternoon',1,1,0,1),('210021005095',74,'30/04/2024','httjjt','jtjtjt','Afternoon',1,1,1,0),('210021070035',74,'30/04/2024','httjjt','jtjtjt','Afternoon',1,1,1,1),('210021001174',74,'30/04/2024','httjjt','jtjtjt','Afternoon',1,1,2,0),('210021070051',74,'30/04/2024','httjjt','jtjtjt','Afternoon',1,1,2,1),('210021001190',74,'30/04/2024','httjjt','jtjtjt','Afternoon',1,1,3,0),('210021073257',74,'30/04/2024','httjjt','jtjtjt','Afternoon',1,1,3,1),('210021001206',74,'30/04/2024','httjjt','jtjtjt','Afternoon',1,1,4,0),('210021073273',74,'30/04/2024','httjjt','jtjtjt','Afternoon',1,1,4,1),('210021066099',74,'30/04/2024','httjjt','jtjtjt','Afternoon',1,1,5,0),('210021073290',74,'30/04/2024','httjjt','jtjtjt','Afternoon',1,1,5,1),('210021005079',74,'30/04/2024','httjjt','jtjtjt','Afternoon',1,2,0,0),('210021070020',74,'30/04/2024','httjjt','jtjtjt','Afternoon',1,2,0,1),('210021005096',74,'30/04/2024','httjjt','jtjtjt','Afternoon',1,2,1,0),('210021070036',74,'30/04/2024','httjjt','jtjtjt','Afternoon',1,2,1,1),('210021001175',74,'30/04/2024','httjjt','jtjtjt','Afternoon',1,2,2,0),('210021070052',74,'30/04/2024','httjjt','jtjtjt','Afternoon',1,2,2,1),('210021001191',74,'30/04/2024','httjjt','jtjtjt','Afternoon',1,2,3,0),('210021073258',74,'30/04/2024','httjjt','jtjtjt','Afternoon',1,2,3,1),('210021001207',74,'30/04/2024','httjjt','jtjtjt','Afternoon',1,2,4,0),('210021073274',74,'30/04/2024','httjjt','jtjtjt','Afternoon',1,2,4,1),('210021066100',74,'30/04/2024','httjjt','jtjtjt','Afternoon',1,2,5,0),('210021073291',74,'30/04/2024','httjjt','jtjtjt','Afternoon',1,2,5,1),('210021005080',74,'30/04/2024','httjjt','jtjtjt','Afternoon',1,3,0,0),('210021070021',74,'30/04/2024','httjjt','jtjtjt','Afternoon',1,3,0,1),('210021005097',74,'30/04/2024','httjjt','jtjtjt','Afternoon',1,3,1,0),('210021070037',74,'30/04/2024','httjjt','jtjtjt','Afternoon',1,3,1,1),('210021001176',74,'30/04/2024','httjjt','jtjtjt','Afternoon',1,3,2,0),('210021070053',74,'30/04/2024','httjjt','jtjtjt','Afternoon',1,3,2,1),('210021001192',74,'30/04/2024','httjjt','jtjtjt','Afternoon',1,3,3,0),('210021073259',74,'30/04/2024','httjjt','jtjtjt','Afternoon',1,3,3,1),('210021001208',74,'30/04/2024','httjjt','jtjtjt','Afternoon',1,3,4,0),('210021073275',74,'30/04/2024','httjjt','jtjtjt','Afternoon',1,3,4,1),('210021066101',74,'30/04/2024','httjjt','jtjtjt','Afternoon',1,3,5,0),('210021073292',74,'30/04/2024','httjjt','jtjtjt','Afternoon',1,3,5,1),('210021005082',74,'30/04/2024','httjjt','jtjtjt','Afternoon',1,4,0,0),('210021070022',74,'30/04/2024','httjjt','jtjtjt','Afternoon',1,4,0,1),('210021005098',74,'30/04/2024','httjjt','jtjtjt','Afternoon',1,4,1,0),('210021070038',74,'30/04/2024','httjjt','jtjtjt','Afternoon',1,4,1,1),('210021001177',74,'30/04/2024','httjjt','jtjtjt','Afternoon',1,4,2,0),('210021070054',74,'30/04/2024','httjjt','jtjtjt','Afternoon',1,4,2,1),('210021001193',74,'30/04/2024','httjjt','jtjtjt','Afternoon',1,4,3,0),('210021073260',74,'30/04/2024','httjjt','jtjtjt','Afternoon',1,4,3,1),('210021005081',74,'30/04/2024','httjjt','jtjtjt','Afternoon',1,4,4,0),('210021073276',74,'30/04/2024','httjjt','jtjtjt','Afternoon',1,4,4,1),('210021066102',74,'30/04/2024','httjjt','jtjtjt','Afternoon',1,4,5,0),('210021073293',74,'30/04/2024','httjjt','jtjtjt','Afternoon',1,4,5,1),('210021005083',74,'30/04/2024','httjjt','jtjtjt','Afternoon',1,5,0,0),('210021070023',74,'30/04/2024','httjjt','jtjtjt','Afternoon',1,5,0,1),('210021005099',74,'30/04/2024','httjjt','jtjtjt','Afternoon',1,5,1,0),('210021070039',74,'30/04/2024','httjjt','jtjtjt','Afternoon',1,5,1,1),('210021001178',74,'30/04/2024','httjjt','jtjtjt','Afternoon',1,5,2,0),('210021070055',74,'30/04/2024','httjjt','jtjtjt','Afternoon',1,5,2,1),('210021001194',74,'30/04/2024','httjjt','jtjtjt','Afternoon',1,5,3,0),('210021073261',74,'30/04/2024','httjjt','jtjtjt','Afternoon',1,5,3,1),('210021066086',74,'30/04/2024','httjjt','jtjtjt','Afternoon',1,5,4,0),('210021073277',74,'30/04/2024','httjjt','jtjtjt','Afternoon',1,5,4,1),('210021066103',74,'30/04/2024','httjjt','jtjtjt','Afternoon',1,5,5,0),('210021073294',74,'30/04/2024','httjjt','jtjtjt','Afternoon',1,5,5,1),('210021005084',74,'30/04/2024','httjjt','jtjtjt','Afternoon',1,6,0,0),('210021070024',74,'30/04/2024','httjjt','jtjtjt','Afternoon',1,6,0,1),('210021005100',74,'30/04/2024','httjjt','jtjtjt','Afternoon',1,6,1,0),('210021070040',74,'30/04/2024','httjjt','jtjtjt','Afternoon',1,6,1,1),('210021001179',74,'30/04/2024','httjjt','jtjtjt','Afternoon',1,6,2,0),('210021070056',74,'30/04/2024','httjjt','jtjtjt','Afternoon',1,6,2,1),('210021001195',74,'30/04/2024','httjjt','jtjtjt','Afternoon',1,6,3,0),('210021073262',74,'30/04/2024','httjjt','jtjtjt','Afternoon',1,6,3,1),('210021066087',74,'30/04/2024','httjjt','jtjtjt','Afternoon',1,6,4,0),('210021073279',74,'30/04/2024','httjjt','jtjtjt','Afternoon',1,6,4,1),('210021066104',74,'30/04/2024','httjjt','jtjtjt','Afternoon',1,6,5,0),('210021073295',74,'30/04/2024','httjjt','jtjtjt','Afternoon',1,6,5,1),('210021005085',74,'30/04/2024','httjjt','jtjtjt','Afternoon',1,7,0,0),('210021070025',74,'30/04/2024','httjjt','jtjtjt','Afternoon',1,7,0,1),('210021005101',74,'30/04/2024','httjjt','jtjtjt','Afternoon',1,7,1,0),('210021070041',74,'30/04/2024','httjjt','jtjtjt','Afternoon',1,7,1,1),('210021001180',74,'30/04/2024','httjjt','jtjtjt','Afternoon',1,7,2,0),('210021070057',74,'30/04/2024','httjjt','jtjtjt','Afternoon',1,7,2,1),('210021001196',74,'30/04/2024','httjjt','jtjtjt','Afternoon',1,7,3,0),('210021073263',74,'30/04/2024','httjjt','jtjtjt','Afternoon',1,7,3,1),('210021066088',74,'30/04/2024','httjjt','jtjtjt','Afternoon',1,7,4,0),('210021073280',74,'30/04/2024','httjjt','jtjtjt','Afternoon',1,7,4,1),('210021066105',74,'30/04/2024','httjjt','jtjtjt','Afternoon',1,7,5,0),('210021073296',74,'30/04/2024','httjjt','jtjtjt','Afternoon',1,7,5,1),('210021005086',74,'30/04/2024','httjjt','jtjtjt','Afternoon',1,8,0,0),('210021070026',74,'30/04/2024','httjjt','jtjtjt','Afternoon',1,8,0,1),('210021005102',74,'30/04/2024','httjjt','jtjtjt','Afternoon',1,8,1,0),('210021070042',74,'30/04/2024','httjjt','jtjtjt','Afternoon',1,8,1,1),('210021001181',74,'30/04/2024','httjjt','jtjtjt','Afternoon',1,8,2,0),('210021073248',74,'30/04/2024','httjjt','jtjtjt','Afternoon',1,8,2,1),('210021001197',74,'30/04/2024','httjjt','jtjtjt','Afternoon',1,8,3,0),('210021073264',74,'30/04/2024','httjjt','jtjtjt','Afternoon',1,8,3,1),('210021066089',74,'30/04/2024','httjjt','jtjtjt','Afternoon',1,8,4,0),('210021073281',74,'30/04/2024','httjjt','jtjtjt','Afternoon',1,8,4,1),('210021066106',74,'30/04/2024','httjjt','jtjtjt','Afternoon',1,8,5,0),('210021073297',74,'30/04/2024','httjjt','jtjtjt','Afternoon',1,8,5,1),('210021005087',74,'30/04/2024','httjjt','jtjtjt','Afternoon',1,9,0,0),('210021070027',74,'30/04/2024','httjjt','jtjtjt','Afternoon',1,9,0,1),('210021005103',74,'30/04/2024','httjjt','jtjtjt','Afternoon',1,9,1,0),('210021070043',74,'30/04/2024','httjjt','jtjtjt','Afternoon',1,9,1,1),('210021001182',74,'30/04/2024','httjjt','jtjtjt','Afternoon',1,9,2,0),('210021073249',74,'30/04/2024','httjjt','jtjtjt','Afternoon',1,9,2,1),('210021001198',74,'30/04/2024','httjjt','jtjtjt','Afternoon',1,9,3,0),('210021073265',74,'30/04/2024','httjjt','jtjtjt','Afternoon',1,9,3,1),('210021066091',74,'30/04/2024','httjjt','jtjtjt','Afternoon',1,9,4,0),('210021073282',74,'30/04/2024','httjjt','jtjtjt','Afternoon',1,9,4,1),('210021066107',74,'30/04/2024','httjjt','jtjtjt','Afternoon',1,9,5,0),('210021073298',74,'30/04/2024','httjjt','jtjtjt','Afternoon',1,9,5,1),('210021005088',74,'30/04/2024','httjjt','jtjtjt','Afternoon',1,10,0,0),('210021070028',74,'30/04/2024','httjjt','jtjtjt','Afternoon',1,10,0,1),('210021005104',74,'30/04/2024','httjjt','jtjtjt','Afternoon',1,10,1,0),('210021070044',74,'30/04/2024','httjjt','jtjtjt','Afternoon',1,10,1,1),('210021001183',74,'30/04/2024','httjjt','jtjtjt','Afternoon',1,10,2,0),('210021073250',74,'30/04/2024','httjjt','jtjtjt','Afternoon',1,10,2,1),('210021001199',74,'30/04/2024','httjjt','jtjtjt','Afternoon',1,10,3,0),('210021073266',74,'30/04/2024','httjjt','jtjtjt','Afternoon',1,10,3,1),('210021066092',74,'30/04/2024','httjjt','jtjtjt','Afternoon',1,10,4,0),('210021073283',74,'30/04/2024','httjjt','jtjtjt','Afternoon',1,10,4,1),('210021066108',74,'30/04/2024','httjjt','jtjtjt','Afternoon',1,10,5,0),('210021073278',74,'30/04/2024','httjjt','jtjtjt','Afternoon',1,10,5,1),('210021005089',74,'30/04/2024','httjjt','jtjtjt','Afternoon',1,11,0,0),('210021070029',74,'30/04/2024','httjjt','jtjtjt','Afternoon',1,11,0,1),('210021005105',74,'30/04/2024','httjjt','jtjtjt','Afternoon',1,11,1,0),('210021070045',74,'30/04/2024','httjjt','jtjtjt','Afternoon',1,11,1,1),('210021001184',74,'30/04/2024','httjjt','jtjtjt','Afternoon',1,11,2,0),('210021073251',74,'30/04/2024','httjjt','jtjtjt','Afternoon',1,11,2,1),('210021001200',74,'30/04/2024','httjjt','jtjtjt','Afternoon',1,11,3,0),('210021073267',74,'30/04/2024','httjjt','jtjtjt','Afternoon',1,11,3,1),('210021066093',74,'30/04/2024','httjjt','jtjtjt','Afternoon',1,11,4,0),('210021073284',74,'30/04/2024','httjjt','jtjtjt','Afternoon',1,11,4,1),('210021066109',74,'30/04/2024','httjjt','jtjtjt','Afternoon',1,11,5,0),('210021080295',74,'30/04/2024','httjjt','jtjtjt','Afternoon',1,11,5,1),('210021005090',74,'30/04/2024','httjjt','jtjtjt','Afternoon',1,12,0,0),('210021070030',74,'30/04/2024','httjjt','jtjtjt','Afternoon',1,12,0,1),('210021001169',74,'30/04/2024','httjjt','jtjtjt','Afternoon',1,12,1,0),('210021070046',74,'30/04/2024','httjjt','jtjtjt','Afternoon',1,12,1,1),('210021001185',74,'30/04/2024','httjjt','jtjtjt','Afternoon',1,12,2,0),('210021073252',74,'30/04/2024','httjjt','jtjtjt','Afternoon',1,12,2,1),('210021001201',74,'30/04/2024','httjjt','jtjtjt','Afternoon',1,12,3,0),('210021073268',74,'30/04/2024','httjjt','jtjtjt','Afternoon',1,12,3,1),('210021066094',74,'30/04/2024','httjjt','jtjtjt','Afternoon',1,12,4,0),('210021073285',74,'30/04/2024','httjjt','jtjtjt','Afternoon',1,12,4,1),('210021066110',74,'30/04/2024','httjjt','jtjtjt','Afternoon',1,12,5,0),('210021080296',74,'30/04/2024','httjjt','jtjtjt','Afternoon',1,12,5,1),('210021005091',74,'30/04/2024','httjjt','jtjtjt','Afternoon',1,13,0,0),('210021070031',74,'30/04/2024','httjjt','jtjtjt','Afternoon',1,13,0,1),('210021001170',74,'30/04/2024','httjjt','jtjtjt','Afternoon',1,13,1,0),('210021070047',74,'30/04/2024','httjjt','jtjtjt','Afternoon',1,13,1,1),('210021001186',74,'30/04/2024','httjjt','jtjtjt','Afternoon',1,13,2,0),('210021073253',74,'30/04/2024','httjjt','jtjtjt','Afternoon',1,13,2,1),('210021001202',74,'30/04/2024','httjjt','jtjtjt','Afternoon',1,13,3,0),('210021073269',74,'30/04/2024','httjjt','jtjtjt','Afternoon',1,13,3,1),('210021066095',74,'30/04/2024','httjjt','jtjtjt','Afternoon',1,13,4,0),('210021073286',74,'30/04/2024','httjjt','jtjtjt','Afternoon',1,13,4,1),('210021066111',74,'30/04/2024','httjjt','jtjtjt','Afternoon',1,13,5,0),('210021080298',74,'30/04/2024','httjjt','jtjtjt','Afternoon',1,13,5,1),('210021005092',74,'30/04/2024','httjjt','jtjtjt','Afternoon',1,14,0,0),('210021070032',74,'30/04/2024','httjjt','jtjtjt','Afternoon',1,14,0,1),('210021001171',74,'30/04/2024','httjjt','jtjtjt','Afternoon',1,14,1,0),('210021070048',74,'30/04/2024','httjjt','jtjtjt','Afternoon',1,14,1,1),('210021001187',74,'30/04/2024','httjjt','jtjtjt','Afternoon',1,14,2,0),('210021073254',74,'30/04/2024','httjjt','jtjtjt','Afternoon',1,14,2,1),('210021001203',74,'30/04/2024','httjjt','jtjtjt','Afternoon',1,14,3,0),('210021073270',74,'30/04/2024','httjjt','jtjtjt','Afternoon',1,14,3,1),('210021066096',74,'30/04/2024','httjjt','jtjtjt','Afternoon',1,14,4,0),('210021073287',74,'30/04/2024','httjjt','jtjtjt','Afternoon',1,14,4,1),('210021066112',74,'30/04/2024','httjjt','jtjtjt','Afternoon',1,14,5,0),('210021080299',74,'30/04/2024','httjjt','jtjtjt','Afternoon',1,14,5,1),('210021005093',74,'30/04/2024','httjjt','jtjtjt','Afternoon',1,15,0,0),('210021070033',74,'30/04/2024','httjjt','jtjtjt','Afternoon',1,15,0,1),('210021001172',74,'30/04/2024','httjjt','jtjtjt','Afternoon',1,15,1,0),('210021070049',74,'30/04/2024','httjjt','jtjtjt','Afternoon',1,15,1,1),('210021001188',74,'30/04/2024','httjjt','jtjtjt','Afternoon',1,15,2,0),('210021073255',74,'30/04/2024','httjjt','jtjtjt','Afternoon',1,15,2,1),('210021001204',74,'30/04/2024','httjjt','jtjtjt','Afternoon',1,15,3,0),('210021073271',74,'30/04/2024','httjjt','jtjtjt','Afternoon',1,15,3,1),('210021066097',74,'30/04/2024','httjjt','jtjtjt','Afternoon',1,15,4,0),('210021073288',74,'30/04/2024','httjjt','jtjtjt','Afternoon',1,15,4,1),('210021066113',74,'30/04/2024','httjjt','jtjtjt','Afternoon',1,15,5,0),('210021080300',74,'30/04/2024','httjjt','jtjtjt','Afternoon',1,15,5,1),('210021066114',74,'30/04/2024','httjjt','jtjtjt','Afternoon',2,0,0,0),('210021080301',74,'30/04/2024','httjjt','jtjtjt','Afternoon',2,0,0,1),('210021066124',74,'30/04/2024','httjjt','jtjtjt','Afternoon',2,0,1,0),('210021080311',74,'30/04/2024','httjjt','jtjtjt','Afternoon',2,0,1,1),('210021066134',74,'30/04/2024','httjjt','jtjtjt','Afternoon',2,0,2,0),('210021080321',74,'30/04/2024','httjjt','jtjtjt','Afternoon',2,0,2,1),('210021066115',74,'30/04/2024','httjjt','jtjtjt','Afternoon',2,1,0,0),('210021080302',74,'30/04/2024','httjjt','jtjtjt','Afternoon',2,1,0,1),('210021066125',74,'30/04/2024','httjjt','jtjtjt','Afternoon',2,1,1,0),('210021080312',74,'30/04/2024','httjjt','jtjtjt','Afternoon',2,1,1,1),('210021066135',74,'30/04/2024','httjjt','jtjtjt','Afternoon',2,1,2,0),('210021080322',74,'30/04/2024','httjjt','jtjtjt','Afternoon',2,1,2,1),('210021066116',74,'30/04/2024','httjjt','jtjtjt','Afternoon',2,2,0,0),('210021080303',74,'30/04/2024','httjjt','jtjtjt','Afternoon',2,2,0,1),('210021066126',74,'30/04/2024','httjjt','jtjtjt','Afternoon',2,2,1,0),('210021080313',74,'30/04/2024','httjjt','jtjtjt','Afternoon',2,2,1,1),('210021066136',74,'30/04/2024','httjjt','jtjtjt','Afternoon',2,2,2,0),('210021080323',74,'30/04/2024','httjjt','jtjtjt','Afternoon',2,2,2,1),('210021066117',74,'30/04/2024','httjjt','jtjtjt','Afternoon',2,3,0,0),('210021080304',74,'30/04/2024','httjjt','jtjtjt','Afternoon',2,3,0,1),('210021066127',74,'30/04/2024','httjjt','jtjtjt','Afternoon',2,3,1,0),('210021080314',74,'30/04/2024','httjjt','jtjtjt','Afternoon',2,3,1,1),('210021066137',74,'30/04/2024','httjjt','jtjtjt','Afternoon',2,3,2,0),('210021080324',74,'30/04/2024','httjjt','jtjtjt','Afternoon',2,3,2,1),('210021066118',74,'30/04/2024','httjjt','jtjtjt','Afternoon',2,4,0,0),('210021080305',74,'30/04/2024','httjjt','jtjtjt','Afternoon',2,4,0,1),('210021066128',74,'30/04/2024','httjjt','jtjtjt','Afternoon',2,4,1,0),('210021080315',74,'30/04/2024','httjjt','jtjtjt','Afternoon',2,4,1,1),('210021012501',74,'30/04/2024','httjjt','jtjtjt','Afternoon',2,4,2,0),('210021080325',74,'30/04/2024','httjjt','jtjtjt','Afternoon',2,4,2,1),('210021066119',74,'30/04/2024','httjjt','jtjtjt','Afternoon',2,5,0,0),('210021080306',74,'30/04/2024','httjjt','jtjtjt','Afternoon',2,5,0,1),('210021066129',74,'30/04/2024','httjjt','jtjtjt','Afternoon',2,5,1,0),('210021080316',74,'30/04/2024','httjjt','jtjtjt','Afternoon',2,5,1,1),('210021012502',74,'30/04/2024','httjjt','jtjtjt','Afternoon',2,5,2,0),('210021080326',74,'30/04/2024','httjjt','jtjtjt','Afternoon',2,5,2,1),('210021066120',74,'30/04/2024','httjjt','jtjtjt','Afternoon',2,6,0,0),('210021080307',74,'30/04/2024','httjjt','jtjtjt','Afternoon',2,6,0,1),('210021066130',74,'30/04/2024','httjjt','jtjtjt','Afternoon',2,6,1,0),('210021080317',74,'30/04/2024','httjjt','jtjtjt','Afternoon',2,6,1,1),('210021012503',74,'30/04/2024','httjjt','jtjtjt','Afternoon',2,6,2,0),('210021080327',74,'30/04/2024','httjjt','jtjtjt','Afternoon',2,6,2,1),('210021066121',74,'30/04/2024','httjjt','jtjtjt','Afternoon',2,7,0,0),('210021080308',74,'30/04/2024','httjjt','jtjtjt','Afternoon',2,7,0,1),('210021066131',74,'30/04/2024','httjjt','jtjtjt','Afternoon',2,7,1,0),('210021080318',74,'30/04/2024','httjjt','jtjtjt','Afternoon',2,7,1,1),('210021012504',74,'30/04/2024','httjjt','jtjtjt','Afternoon',2,7,2,0),('210021080328',74,'30/04/2024','httjjt','jtjtjt','Afternoon',2,7,2,1),('210021066122',74,'30/04/2024','httjjt','jtjtjt','Afternoon',2,8,0,0),('210021080309',74,'30/04/2024','httjjt','jtjtjt','Afternoon',2,8,0,1),('210021066132',74,'30/04/2024','httjjt','jtjtjt','Afternoon',2,8,1,0),('210021080319',74,'30/04/2024','httjjt','jtjtjt','Afternoon',2,8,1,1),('210021012505',74,'30/04/2024','httjjt','jtjtjt','Afternoon',2,8,2,0),('210021080329',74,'30/04/2024','httjjt','jtjtjt','Afternoon',2,8,2,1),('210021066123',74,'30/04/2024','httjjt','jtjtjt','Afternoon',2,9,0,0),('210021080310',74,'30/04/2024','httjjt','jtjtjt','Afternoon',2,9,0,1),('210021066133',74,'30/04/2024','httjjt','jtjtjt','Afternoon',2,9,1,0),('210021080320',74,'30/04/2024','httjjt','jtjtjt','Afternoon',2,9,1,1),('210021012506',74,'30/04/2024','httjjt','jtjtjt','Afternoon',2,9,2,0),('210021080330',74,'30/04/2024','httjjt','jtjtjt','Afternoon',2,9,2,1),('210021012507',74,'30/04/2024','httjjt','jtjtjt','Afternoon',3,0,0,0),('210021080331',74,'30/04/2024','httjjt','jtjtjt','Afternoon',3,0,0,1),('210021012517',74,'30/04/2024','httjjt','jtjtjt','Afternoon',3,0,1,0),('210021080341',74,'30/04/2024','httjjt','jtjtjt','Afternoon',3,0,1,1),('210021012527',74,'30/04/2024','httjjt','jtjtjt','Afternoon',3,0,2,0),('210041000364',74,'30/04/2024','httjjt','jtjtjt','Afternoon',3,0,2,1),('210021012508',74,'30/04/2024','httjjt','jtjtjt','Afternoon',3,1,0,0),('210021080332',74,'30/04/2024','httjjt','jtjtjt','Afternoon',3,1,0,1),('210021012518',74,'30/04/2024','httjjt','jtjtjt','Afternoon',3,1,1,0),('210021080342',74,'30/04/2024','httjjt','jtjtjt','Afternoon',3,1,1,1),('210021012528',74,'30/04/2024','httjjt','jtjtjt','Afternoon',3,1,2,0),('210041000365',74,'30/04/2024','httjjt','jtjtjt','Afternoon',3,1,2,1),('210021012509',74,'30/04/2024','httjjt','jtjtjt','Afternoon',3,2,0,0),('210021080333',74,'30/04/2024','httjjt','jtjtjt','Afternoon',3,2,0,1),('210021012519',74,'30/04/2024','httjjt','jtjtjt','Afternoon',3,2,1,0),('210021080343',74,'30/04/2024','httjjt','jtjtjt','Afternoon',3,2,1,1),('210021012529',74,'30/04/2024','httjjt','jtjtjt','Afternoon',3,2,2,0),('210041000366',74,'30/04/2024','httjjt','jtjtjt','Afternoon',3,2,2,1),('210021012510',74,'30/04/2024','httjjt','jtjtjt','Afternoon',3,3,0,0),('210021080334',74,'30/04/2024','httjjt','jtjtjt','Afternoon',3,3,0,1),('210021012520',74,'30/04/2024','httjjt','jtjtjt','Afternoon',3,3,1,0),('210021080344',74,'30/04/2024','httjjt','jtjtjt','Afternoon',3,3,1,1),('210021012530',74,'30/04/2024','httjjt','jtjtjt','Afternoon',3,3,2,0),('210041000367',74,'30/04/2024','httjjt','jtjtjt','Afternoon',3,3,2,1),('210021012511',74,'30/04/2024','httjjt','jtjtjt','Afternoon',3,4,0,0),('210021080335',74,'30/04/2024','httjjt','jtjtjt','Afternoon',3,4,0,1),('210021012521',74,'30/04/2024','httjjt','jtjtjt','Afternoon',3,4,1,0),('210021080345',74,'30/04/2024','httjjt','jtjtjt','Afternoon',3,4,1,1),('210021012531',74,'30/04/2024','httjjt','jtjtjt','Afternoon',3,4,2,0),('210041000368',74,'30/04/2024','httjjt','jtjtjt','Afternoon',3,4,2,1),('210021012512',74,'30/04/2024','httjjt','jtjtjt','Afternoon',3,5,0,0),('210021080336',74,'30/04/2024','httjjt','jtjtjt','Afternoon',3,5,0,1),('210021012522',74,'30/04/2024','httjjt','jtjtjt','Afternoon',3,5,1,0),('210041000359',74,'30/04/2024','httjjt','jtjtjt','Afternoon',3,5,1,1),('210021012532',74,'30/04/2024','httjjt','jtjtjt','Afternoon',3,5,2,0),('210041000369',74,'30/04/2024','httjjt','jtjtjt','Afternoon',3,5,2,1),('210021012513',74,'30/04/2024','httjjt','jtjtjt','Afternoon',3,6,0,0),('210021080337',74,'30/04/2024','httjjt','jtjtjt','Afternoon',3,6,0,1),('210021012523',74,'30/04/2024','httjjt','jtjtjt','Afternoon',3,6,1,0),('210041000360',74,'30/04/2024','httjjt','jtjtjt','Afternoon',3,6,1,1),('210021012533',74,'30/04/2024','httjjt','jtjtjt','Afternoon',3,6,2,0),('210041000370',74,'30/04/2024','httjjt','jtjtjt','Afternoon',3,6,2,1),('210021012514',74,'30/04/2024','httjjt','jtjtjt','Afternoon',3,7,0,0),('210021080338',74,'30/04/2024','httjjt','jtjtjt','Afternoon',3,7,0,1),('210021012524',74,'30/04/2024','httjjt','jtjtjt','Afternoon',3,7,1,0),('210041000361',74,'30/04/2024','httjjt','jtjtjt','Afternoon',3,7,1,1),('210021012534',74,'30/04/2024','httjjt','jtjtjt','Afternoon',3,7,2,0),('210041000371',74,'30/04/2024','httjjt','jtjtjt','Afternoon',3,7,2,1),('210021012515',74,'30/04/2024','httjjt','jtjtjt','Afternoon',3,8,0,0),('210021080339',74,'30/04/2024','httjjt','jtjtjt','Afternoon',3,8,0,1),('210021012525',74,'30/04/2024','httjjt','jtjtjt','Afternoon',3,8,1,0),('210041000362',74,'30/04/2024','httjjt','jtjtjt','Afternoon',3,8,1,1),('210021012535',74,'30/04/2024','httjjt','jtjtjt','Afternoon',3,8,2,0),('210041000372',74,'30/04/2024','httjjt','jtjtjt','Afternoon',3,8,2,1),('210021012516',74,'30/04/2024','httjjt','jtjtjt','Afternoon',3,9,0,0),('210021080340',74,'30/04/2024','httjjt','jtjtjt','Afternoon',3,9,0,1),('210021012526',74,'30/04/2024','httjjt','jtjtjt','Afternoon',3,9,1,0),('210041000363',74,'30/04/2024','httjjt','jtjtjt','Afternoon',3,9,1,1),('210021012536',74,'30/04/2024','httjjt','jtjtjt','Afternoon',3,9,2,0),('210041000373',74,'30/04/2024','httjjt','jtjtjt','Afternoon',3,9,2,1),('210021012537',74,'30/04/2024','httjjt','jtjtjt','Afternoon',4,0,0,0),('210041000374',74,'30/04/2024','httjjt','jtjtjt','Afternoon',4,0,0,1),('210021012547',74,'30/04/2024','httjjt','jtjtjt','Afternoon',4,0,1,0),('210041000384',74,'30/04/2024','httjjt','jtjtjt','Afternoon',4,0,1,1),('210021012557',74,'30/04/2024','httjjt','jtjtjt','Afternoon',4,0,2,0),('210041000394',74,'30/04/2024','httjjt','jtjtjt','Afternoon',4,0,2,1),('210021012538',74,'30/04/2024','httjjt','jtjtjt','Afternoon',4,1,0,0),('210041000375',74,'30/04/2024','httjjt','jtjtjt','Afternoon',4,1,0,1),('210021012548',74,'30/04/2024','httjjt','jtjtjt','Afternoon',4,1,1,0),('210041000385',74,'30/04/2024','httjjt','jtjtjt','Afternoon',4,1,1,1),('210021012558',74,'30/04/2024','httjjt','jtjtjt','Afternoon',4,1,2,0),('210041000395',74,'30/04/2024','httjjt','jtjtjt','Afternoon',4,1,2,1),('210021012539',74,'30/04/2024','httjjt','jtjtjt','Afternoon',4,2,0,0),('210041000376',74,'30/04/2024','httjjt','jtjtjt','Afternoon',4,2,0,1),('210021012549',74,'30/04/2024','httjjt','jtjtjt','Afternoon',4,2,1,0),('210041000386',74,'30/04/2024','httjjt','jtjtjt','Afternoon',4,2,1,1),('210021012559',74,'30/04/2024','httjjt','jtjtjt','Afternoon',4,2,2,0),('210041000396',74,'30/04/2024','httjjt','jtjtjt','Afternoon',4,2,2,1),('210021012540',74,'30/04/2024','httjjt','jtjtjt','Afternoon',4,3,0,0),('210041000377',74,'30/04/2024','httjjt','jtjtjt','Afternoon',4,3,0,1),('210021012550',74,'30/04/2024','httjjt','jtjtjt','Afternoon',4,3,1,0),('210041000387',74,'30/04/2024','httjjt','jtjtjt','Afternoon',4,3,1,1),('210021012560',74,'30/04/2024','httjjt','jtjtjt','Afternoon',4,3,2,0),('210041000397',74,'30/04/2024','httjjt','jtjtjt','Afternoon',4,3,2,1),('210021012541',74,'30/04/2024','httjjt','jtjtjt','Afternoon',4,4,0,0),('210041000378',74,'30/04/2024','httjjt','jtjtjt','Afternoon',4,4,0,1),('210021012551',74,'30/04/2024','httjjt','jtjtjt','Afternoon',4,4,1,0),('210041000388',74,'30/04/2024','httjjt','jtjtjt','Afternoon',4,4,1,1),('210021027040',74,'30/04/2024','httjjt','jtjtjt','Afternoon',4,4,2,0),('210041000398',74,'30/04/2024','httjjt','jtjtjt','Afternoon',4,4,2,1),('210021012542',74,'30/04/2024','httjjt','jtjtjt','Afternoon',4,5,0,0),('210041000379',74,'30/04/2024','httjjt','jtjtjt','Afternoon',4,5,0,1),('210021012552',74,'30/04/2024','httjjt','jtjtjt','Afternoon',4,5,1,0),('210041000389',74,'30/04/2024','httjjt','jtjtjt','Afternoon',4,5,1,1),('210021027041',74,'30/04/2024','httjjt','jtjtjt','Afternoon',4,5,2,0),('210041000399',74,'30/04/2024','httjjt','jtjtjt','Afternoon',4,5,2,1),('210021012543',74,'30/04/2024','httjjt','jtjtjt','Afternoon',4,6,0,0),('210041000380',74,'30/04/2024','httjjt','jtjtjt','Afternoon',4,6,0,1),('210021012553',74,'30/04/2024','httjjt','jtjtjt','Afternoon',4,6,1,0),('210041000390',74,'30/04/2024','httjjt','jtjtjt','Afternoon',4,6,1,1),('210021027042',74,'30/04/2024','httjjt','jtjtjt','Afternoon',4,6,2,0),('210041000400',74,'30/04/2024','httjjt','jtjtjt','Afternoon',4,6,2,1),('210021012544',74,'30/04/2024','httjjt','jtjtjt','Afternoon',4,7,0,0),('210041000381',74,'30/04/2024','httjjt','jtjtjt','Afternoon',4,7,0,1),('210021012554',74,'30/04/2024','httjjt','jtjtjt','Afternoon',4,7,1,0),('210041000391',74,'30/04/2024','httjjt','jtjtjt','Afternoon',4,7,1,1),('210021027043',74,'30/04/2024','httjjt','jtjtjt','Afternoon',4,7,2,0),('210041000401',74,'30/04/2024','httjjt','jtjtjt','Afternoon',4,7,2,1),('210021012545',74,'30/04/2024','httjjt','jtjtjt','Afternoon',4,8,0,0),('210041000382',74,'30/04/2024','httjjt','jtjtjt','Afternoon',4,8,0,1),('210021012555',74,'30/04/2024','httjjt','jtjtjt','Afternoon',4,8,1,0),('210041000392',74,'30/04/2024','httjjt','jtjtjt','Afternoon',4,8,1,1),('210021027044',74,'30/04/2024','httjjt','jtjtjt','Afternoon',4,8,2,0),('210041000402',74,'30/04/2024','httjjt','jtjtjt','Afternoon',4,8,2,1),('210021012546',74,'30/04/2024','httjjt','jtjtjt','Afternoon',4,9,0,0),('210041000383',74,'30/04/2024','httjjt','jtjtjt','Afternoon',4,9,0,1),('210021012556',74,'30/04/2024','httjjt','jtjtjt','Afternoon',4,9,1,0),('210041000393',74,'30/04/2024','httjjt','jtjtjt','Afternoon',4,9,1,1),('210021027045',74,'30/04/2024','httjjt','jtjtjt','Afternoon',4,9,2,0),('210041000403',74,'30/04/2024','httjjt','jtjtjt','Afternoon',4,9,2,1),('210021027046',74,'30/04/2024','httjjt','jtjtjt','Afternoon',5,0,0,0),('210041000404',74,'30/04/2024','httjjt','jtjtjt','Afternoon',5,0,0,1),('210021027056',74,'30/04/2024','httjjt','jtjtjt','Afternoon',5,0,1,0),('210041000414',74,'30/04/2024','httjjt','jtjtjt','Afternoon',5,0,1,1),('210021027634',74,'30/04/2024','httjjt','jtjtjt','Afternoon',5,0,2,0),('210041000962',74,'30/04/2024','httjjt','jtjtjt','Afternoon',5,0,2,1),('210021027047',74,'30/04/2024','httjjt','jtjtjt','Afternoon',5,1,0,0),('210041000405',74,'30/04/2024','httjjt','jtjtjt','Afternoon',5,1,0,1),('210021027057',74,'30/04/2024','httjjt','jtjtjt','Afternoon',5,1,1,0),('210041000415',74,'30/04/2024','httjjt','jtjtjt','Afternoon',5,1,1,1),('210021027635',74,'30/04/2024','httjjt','jtjtjt','Afternoon',5,1,2,0),('210041000963',74,'30/04/2024','httjjt','jtjtjt','Afternoon',5,1,2,1),('210021027048',74,'30/04/2024','httjjt','jtjtjt','Afternoon',5,2,0,0),('210041000406',74,'30/04/2024','httjjt','jtjtjt','Afternoon',5,2,0,1),('210021027058',74,'30/04/2024','httjjt','jtjtjt','Afternoon',5,2,1,0),('210041000416',74,'30/04/2024','httjjt','jtjtjt','Afternoon',5,2,1,1),('210021027636',74,'30/04/2024','httjjt','jtjtjt','Afternoon',5,2,2,0),('210041000964',74,'30/04/2024','httjjt','jtjtjt','Afternoon',5,2,2,1),('210021027049',74,'30/04/2024','httjjt','jtjtjt','Afternoon',5,3,0,0),('210041000407',74,'30/04/2024','httjjt','jtjtjt','Afternoon',5,3,0,1),('210021027059',74,'30/04/2024','httjjt','jtjtjt','Afternoon',5,3,1,0),('210041000417',74,'30/04/2024','httjjt','jtjtjt','Afternoon',5,3,1,1),('210021027637',74,'30/04/2024','httjjt','jtjtjt','Afternoon',5,3,2,0),('210041000965',74,'30/04/2024','httjjt','jtjtjt','Afternoon',5,3,2,1),('210021027050',74,'30/04/2024','httjjt','jtjtjt','Afternoon',5,4,0,0),('210041000408',74,'30/04/2024','httjjt','jtjtjt','Afternoon',5,4,0,1),('210021027060',74,'30/04/2024','httjjt','jtjtjt','Afternoon',5,4,1,0),('210041000418',74,'30/04/2024','httjjt','jtjtjt','Afternoon',5,4,1,1),('210021027638',74,'30/04/2024','httjjt','jtjtjt','Afternoon',5,4,2,0),('210041000966',74,'30/04/2024','httjjt','jtjtjt','Afternoon',5,4,2,1),('210021027051',74,'30/04/2024','httjjt','jtjtjt','Afternoon',5,5,0,0),('210041000409',74,'30/04/2024','httjjt','jtjtjt','Afternoon',5,5,0,1),('210021027061',74,'30/04/2024','httjjt','jtjtjt','Afternoon',5,5,1,0),('210041000419',74,'30/04/2024','httjjt','jtjtjt','Afternoon',5,5,1,1),('210021027639',74,'30/04/2024','httjjt','jtjtjt','Afternoon',5,5,2,0),('210041000967',74,'30/04/2024','httjjt','jtjtjt','Afternoon',5,5,2,1),('210021027052',74,'30/04/2024','httjjt','jtjtjt','Afternoon',5,6,0,0),('210041000410',74,'30/04/2024','httjjt','jtjtjt','Afternoon',5,6,0,1),('210021027062',74,'30/04/2024','httjjt','jtjtjt','Afternoon',5,6,1,0),('210041000420',74,'30/04/2024','httjjt','jtjtjt','Afternoon',5,6,1,1),('210021027640',74,'30/04/2024','httjjt','jtjtjt','Afternoon',5,6,2,0),('210041000968',74,'30/04/2024','httjjt','jtjtjt','Afternoon',5,6,2,1),('210021027053',74,'30/04/2024','httjjt','jtjtjt','Afternoon',5,7,0,0),('210041000411',74,'30/04/2024','httjjt','jtjtjt','Afternoon',5,7,0,1),('210021027063',74,'30/04/2024','httjjt','jtjtjt','Afternoon',5,7,1,0),('210041000959',74,'30/04/2024','httjjt','jtjtjt','Afternoon',5,7,1,1),('210021027641',74,'30/04/2024','httjjt','jtjtjt','Afternoon',5,7,2,0),('210041000969',74,'30/04/2024','httjjt','jtjtjt','Afternoon',5,7,2,1),('210021027054',74,'30/04/2024','httjjt','jtjtjt','Afternoon',5,8,0,0),('210041000412',74,'30/04/2024','httjjt','jtjtjt','Afternoon',5,8,0,1),('210021027064',74,'30/04/2024','httjjt','jtjtjt','Afternoon',5,8,1,0),('210041000960',74,'30/04/2024','httjjt','jtjtjt','Afternoon',5,8,1,1),('210021027642',74,'30/04/2024','httjjt','jtjtjt','Afternoon',5,8,2,0),('210041000970',74,'30/04/2024','httjjt','jtjtjt','Afternoon',5,8,2,1),('210021027055',74,'30/04/2024','httjjt','jtjtjt','Afternoon',5,9,0,0),('210041000413',74,'30/04/2024','httjjt','jtjtjt','Afternoon',5,9,0,1),('210021027181',74,'30/04/2024','httjjt','jtjtjt','Afternoon',5,9,1,0),('210041000961',74,'30/04/2024','httjjt','jtjtjt','Afternoon',5,9,1,1),('210021027643',74,'30/04/2024','httjjt','jtjtjt','Afternoon',5,9,2,0),('210041000971',74,'30/04/2024','httjjt','jtjtjt','Afternoon',5,9,2,1),('210021027644',74,'30/04/2024','httjjt','jtjtjt','Afternoon',6,0,0,0),('210041000972',74,'30/04/2024','httjjt','jtjtjt','Afternoon',6,0,0,1),('210021027649',74,'30/04/2024','httjjt','jtjtjt','Afternoon',6,0,1,0),('210041000978',74,'30/04/2024','httjjt','jtjtjt','Afternoon',6,0,1,1),('210021027654',74,'30/04/2024','httjjt','jtjtjt','Afternoon',6,0,2,0),('210041000983',74,'30/04/2024','httjjt','jtjtjt','Afternoon',6,0,2,1),('210021027645',74,'30/04/2024','httjjt','jtjtjt','Afternoon',6,1,0,0),('210041000974',74,'30/04/2024','httjjt','jtjtjt','Afternoon',6,1,0,1),('210021027650',74,'30/04/2024','httjjt','jtjtjt','Afternoon',6,1,1,0),('210041000979',74,'30/04/2024','httjjt','jtjtjt','Afternoon',6,1,1,1),('210021027655',74,'30/04/2024','httjjt','jtjtjt','Afternoon',6,1,2,0),('210041000984',74,'30/04/2024','httjjt','jtjtjt','Afternoon',6,1,2,1),('210021027646',74,'30/04/2024','httjjt','jtjtjt','Afternoon',6,2,0,0),('210041000975',74,'30/04/2024','httjjt','jtjtjt','Afternoon',6,2,0,1),('210021027651',74,'30/04/2024','httjjt','jtjtjt','Afternoon',6,2,1,0),('210041000980',74,'30/04/2024','httjjt','jtjtjt','Afternoon',6,2,1,1),('210021027656',74,'30/04/2024','httjjt','jtjtjt','Afternoon',6,2,2,0),('210041000985',74,'30/04/2024','httjjt','jtjtjt','Afternoon',6,2,2,1),('210021027647',74,'30/04/2024','httjjt','jtjtjt','Afternoon',6,3,0,0),('210041000976',74,'30/04/2024','httjjt','jtjtjt','Afternoon',6,3,0,1),('210021027652',74,'30/04/2024','httjjt','jtjtjt','Afternoon',6,3,1,0),('210041000981',74,'30/04/2024','httjjt','jtjtjt','Afternoon',6,3,1,1),('210021027657',74,'30/04/2024','httjjt','jtjtjt','Afternoon',6,3,2,0),('210041000986',74,'30/04/2024','httjjt','jtjtjt','Afternoon',6,3,2,1),('210021027648',74,'30/04/2024','httjjt','jtjtjt','Afternoon',6,4,0,0),('210041000977',74,'30/04/2024','httjjt','jtjtjt','Afternoon',6,4,0,1),('210021027653',74,'30/04/2024','httjjt','jtjtjt','Afternoon',6,4,1,0),('210041000982',74,'30/04/2024','httjjt','jtjtjt','Afternoon',6,4,1,1),('210021027658',74,'30/04/2024','httjjt','jtjtjt','Afternoon',6,4,2,0),('210041000987',74,'30/04/2024','httjjt','jtjtjt','Afternoon',6,4,2,1),('210021027659',74,'30/04/2024','httjjt','jtjtjt','Afternoon',7,0,0,0),('210041000988',74,'30/04/2024','httjjt','jtjtjt','Afternoon',7,0,0,1),('210021031964',74,'30/04/2024','httjjt','jtjtjt','Afternoon',7,0,1,0),('210041000994',74,'30/04/2024','httjjt','jtjtjt','Afternoon',7,0,1,1),('210021031969',74,'30/04/2024','httjjt','jtjtjt','Afternoon',7,0,2,0),('210041001886',74,'30/04/2024','httjjt','jtjtjt','Afternoon',7,0,2,1),('210021031960',74,'30/04/2024','httjjt','jtjtjt','Afternoon',7,1,0,0),('210041000989',74,'30/04/2024','httjjt','jtjtjt','Afternoon',7,1,0,1),('210021031965',74,'30/04/2024','httjjt','jtjtjt','Afternoon',7,1,1,0),('210041000995',74,'30/04/2024','httjjt','jtjtjt','Afternoon',7,1,1,1),('210021031970',74,'30/04/2024','httjjt','jtjtjt','Afternoon',7,1,2,0),('210041001887',74,'30/04/2024','httjjt','jtjtjt','Afternoon',7,1,2,1),('210021031961',74,'30/04/2024','httjjt','jtjtjt','Afternoon',7,2,0,0),('210041000990',74,'30/04/2024','httjjt','jtjtjt','Afternoon',7,2,0,1),('210021031966',74,'30/04/2024','httjjt','jtjtjt','Afternoon',7,2,1,0),('210041000996',74,'30/04/2024','httjjt','jtjtjt','Afternoon',7,2,1,1),('210021031972',74,'30/04/2024','httjjt','jtjtjt','Afternoon',7,2,2,0),('210041001888',74,'30/04/2024','httjjt','jtjtjt','Afternoon',7,2,2,1),('210021031962',74,'30/04/2024','httjjt','jtjtjt','Afternoon',7,3,0,0),('210041000991',74,'30/04/2024','httjjt','jtjtjt','Afternoon',7,3,0,1),('210021031967',74,'30/04/2024','httjjt','jtjtjt','Afternoon',7,3,1,0),('210041000998',74,'30/04/2024','httjjt','jtjtjt','Afternoon',7,3,1,1),('210021031973',74,'30/04/2024','httjjt','jtjtjt','Afternoon',7,3,2,0),('210041001889',74,'30/04/2024','httjjt','jtjtjt','Afternoon',7,3,2,1),('210021031963',74,'30/04/2024','httjjt','jtjtjt','Afternoon',7,4,0,0),('210041000992',74,'30/04/2024','httjjt','jtjtjt','Afternoon',7,4,0,1),('210021031968',74,'30/04/2024','httjjt','jtjtjt','Afternoon',7,4,1,0),('210041001885',74,'30/04/2024','httjjt','jtjtjt','Afternoon',7,4,1,1),('210021031974',74,'30/04/2024','httjjt','jtjtjt','Afternoon',7,4,2,0),('210041001890',74,'30/04/2024','httjjt','jtjtjt','Afternoon',7,4,2,1),('210021031975',74,'30/04/2024','httjjt','jtjtjt','Afternoon',8,0,0,0),('210041001891',74,'30/04/2024','httjjt','jtjtjt','Afternoon',8,0,0,1),('210021031980',74,'30/04/2024','httjjt','jtjtjt','Afternoon',8,0,1,0),('210041001896',74,'30/04/2024','httjjt','jtjtjt','Afternoon',8,0,1,1),('210021031985',74,'30/04/2024','httjjt','jtjtjt','Afternoon',8,0,2,0),('210041001901',74,'30/04/2024','httjjt','jtjtjt','Afternoon',8,0,2,1),('210021031976',74,'30/04/2024','httjjt','jtjtjt','Afternoon',8,1,0,0),('210041001892',74,'30/04/2024','httjjt','jtjtjt','Afternoon',8,1,0,1),('210021031981',74,'30/04/2024','httjjt','jtjtjt','Afternoon',8,1,1,0),('210041001897',74,'30/04/2024','httjjt','jtjtjt','Afternoon',8,1,1,1),('210021031986',74,'30/04/2024','httjjt','jtjtjt','Afternoon',8,1,2,0),('210041001902',74,'30/04/2024','httjjt','jtjtjt','Afternoon',8,1,2,1),('210021031977',74,'30/04/2024','httjjt','jtjtjt','Afternoon',8,2,0,0),('210041001893',74,'30/04/2024','httjjt','jtjtjt','Afternoon',8,2,0,1),('210021031982',74,'30/04/2024','httjjt','jtjtjt','Afternoon',8,2,1,0),('210041001898',74,'30/04/2024','httjjt','jtjtjt','Afternoon',8,2,1,1),('210021031987',74,'30/04/2024','httjjt','jtjtjt','Afternoon',8,2,2,0),('210041001903',74,'30/04/2024','httjjt','jtjtjt','Afternoon',8,2,2,1),('210021031978',74,'30/04/2024','httjjt','jtjtjt','Afternoon',8,3,0,0),('210041001894',74,'30/04/2024','httjjt','jtjtjt','Afternoon',8,3,0,1),('210021031983',74,'30/04/2024','httjjt','jtjtjt','Afternoon',8,3,1,0),('210041001899',74,'30/04/2024','httjjt','jtjtjt','Afternoon',8,3,1,1),('210021031988',74,'30/04/2024','httjjt','jtjtjt','Afternoon',8,3,2,0),('210041001904',74,'30/04/2024','httjjt','jtjtjt','Afternoon',8,3,2,1),('210021031979',74,'30/04/2024','httjjt','jtjtjt','Afternoon',8,4,0,0),('210041001895',74,'30/04/2024','httjjt','jtjtjt','Afternoon',8,4,0,1),('210021031984',74,'30/04/2024','httjjt','jtjtjt','Afternoon',8,4,1,0),('210041001900',74,'30/04/2024','httjjt','jtjtjt','Afternoon',8,4,1,1),('210021031989',74,'30/04/2024','httjjt','jtjtjt','Afternoon',8,4,2,0),('210041001905',74,'30/04/2024','httjjt','jtjtjt','Afternoon',8,4,2,1),('210021031990',74,'30/04/2024','httjjt','jtjtjt','Afternoon',9,0,0,0),('210041001906',74,'30/04/2024','httjjt','jtjtjt','Afternoon',9,0,0,1),('210021034774',74,'30/04/2024','httjjt','jtjtjt','Afternoon',9,0,1,0),('210041001911',74,'30/04/2024','httjjt','jtjtjt','Afternoon',9,0,1,1),('210021034779',74,'30/04/2024','httjjt','jtjtjt','Afternoon',9,0,2,0),('210041001916',74,'30/04/2024','httjjt','jtjtjt','Afternoon',9,0,2,1),('210021034770',74,'30/04/2024','httjjt','jtjtjt','Afternoon',9,1,0,0),('210041001907',74,'30/04/2024','httjjt','jtjtjt','Afternoon',9,1,0,1),('210021034775',74,'30/04/2024','httjjt','jtjtjt','Afternoon',9,1,1,0),('210041001912',74,'30/04/2024','httjjt','jtjtjt','Afternoon',9,1,1,1),('210021034780',74,'30/04/2024','httjjt','jtjtjt','Afternoon',9,1,2,0),('210041001917',74,'30/04/2024','httjjt','jtjtjt','Afternoon',9,1,2,1),('210021034771',74,'30/04/2024','httjjt','jtjtjt','Afternoon',9,2,0,0),('210041001908',74,'30/04/2024','httjjt','jtjtjt','Afternoon',9,2,0,1),('210021034776',74,'30/04/2024','httjjt','jtjtjt','Afternoon',9,2,1,0),('210041001913',74,'30/04/2024','httjjt','jtjtjt','Afternoon',9,2,1,1),('210021034781',74,'30/04/2024','httjjt','jtjtjt','Afternoon',9,2,2,0),('210041001918',74,'30/04/2024','httjjt','jtjtjt','Afternoon',9,2,2,1),('210021034772',74,'30/04/2024','httjjt','jtjtjt','Afternoon',9,3,0,0),('210041001909',74,'30/04/2024','httjjt','jtjtjt','Afternoon',9,3,0,1),('210021034777',74,'30/04/2024','httjjt','jtjtjt','Afternoon',9,3,1,0),('210041001914',74,'30/04/2024','httjjt','jtjtjt','Afternoon',9,3,1,1),('210021034782',74,'30/04/2024','httjjt','jtjtjt','Afternoon',9,3,2,0),('210041001919',74,'30/04/2024','httjjt','jtjtjt','Afternoon',9,3,2,1),('210021034773',74,'30/04/2024','httjjt','jtjtjt','Afternoon',9,4,0,0),('210041001910',74,'30/04/2024','httjjt','jtjtjt','Afternoon',9,4,0,1),('210021034778',74,'30/04/2024','httjjt','jtjtjt','Afternoon',9,4,1,0),('210041001915',74,'30/04/2024','httjjt','jtjtjt','Afternoon',9,4,1,1),('210021034783',74,'30/04/2024','httjjt','jtjtjt','Afternoon',9,4,2,0),('210041001920',74,'30/04/2024','httjjt','jtjtjt','Afternoon',9,4,2,1),('210021034784',74,'30/04/2024','httjjt','jtjtjt','Afternoon',10,0,0,0),('210041001921',74,'30/04/2024','httjjt','jtjtjt','Afternoon',10,0,0,1),('210021034789',74,'30/04/2024','httjjt','jtjtjt','Afternoon',10,0,1,0),('210041001926',74,'30/04/2024','httjjt','jtjtjt','Afternoon',10,0,1,1),('210021034794',74,'30/04/2024','httjjt','jtjtjt','Afternoon',10,0,2,0),('210041001931',74,'30/04/2024','httjjt','jtjtjt','Afternoon',10,0,2,1),('210021034785',74,'30/04/2024','httjjt','jtjtjt','Afternoon',10,1,0,0),('210041001922',74,'30/04/2024','httjjt','jtjtjt','Afternoon',10,1,0,1),('210021034790',74,'30/04/2024','httjjt','jtjtjt','Afternoon',10,1,1,0),('210041001927',74,'30/04/2024','httjjt','jtjtjt','Afternoon',10,1,1,1),('210021034795',74,'30/04/2024','httjjt','jtjtjt','Afternoon',10,1,2,0),('210041001932',74,'30/04/2024','httjjt','jtjtjt','Afternoon',10,1,2,1),('210021034786',74,'30/04/2024','httjjt','jtjtjt','Afternoon',10,2,0,0),('210041001923',74,'30/04/2024','httjjt','jtjtjt','Afternoon',10,2,0,1),('210021034791',74,'30/04/2024','httjjt','jtjtjt','Afternoon',10,2,1,0),('210041001928',74,'30/04/2024','httjjt','jtjtjt','Afternoon',10,2,1,1),('210021034796',74,'30/04/2024','httjjt','jtjtjt','Afternoon',10,2,2,0),('210041001933',74,'30/04/2024','httjjt','jtjtjt','Afternoon',10,2,2,1),('210021034787',74,'30/04/2024','httjjt','jtjtjt','Afternoon',10,3,0,0),('210041001924',74,'30/04/2024','httjjt','jtjtjt','Afternoon',10,3,0,1),('210021034792',74,'30/04/2024','httjjt','jtjtjt','Afternoon',10,3,1,0),('210041001929',74,'30/04/2024','httjjt','jtjtjt','Afternoon',10,3,1,1),('210021034797',74,'30/04/2024','httjjt','jtjtjt','Afternoon',10,3,2,0),('210041001934',74,'30/04/2024','httjjt','jtjtjt','Afternoon',10,3,2,1),('210021034788',74,'30/04/2024','httjjt','jtjtjt','Afternoon',10,4,0,0),('210041001925',74,'30/04/2024','httjjt','jtjtjt','Afternoon',10,4,0,1),('210021034793',74,'30/04/2024','httjjt','jtjtjt','Afternoon',10,4,1,0),('210041001930',74,'30/04/2024','httjjt','jtjtjt','Afternoon',10,4,1,1),('210021034798',74,'30/04/2024','httjjt','jtjtjt','Afternoon',10,4,2,0),('210041001935',74,'30/04/2024','httjjt','jtjtjt','Afternoon',10,4,2,1),('210021034799',74,'30/04/2024','httjjt','jtjtjt','Afternoon',11,0,0,0),('210041001936',74,'30/04/2024','httjjt','jtjtjt','Afternoon',11,0,0,1),('210021063440',74,'30/04/2024','httjjt','jtjtjt','Afternoon',11,0,1,0),('210041001941',74,'30/04/2024','httjjt','jtjtjt','Afternoon',11,0,1,1),('210021063445',74,'30/04/2024','httjjt','jtjtjt','Afternoon',11,0,2,0),('210041001946',74,'30/04/2024','httjjt','jtjtjt','Afternoon',11,0,2,1),('210021034800',74,'30/04/2024','httjjt','jtjtjt','Afternoon',11,1,0,0),('210041001937',74,'30/04/2024','httjjt','jtjtjt','Afternoon',11,1,0,1),('210021063441',74,'30/04/2024','httjjt','jtjtjt','Afternoon',11,1,1,0),('210041001942',74,'30/04/2024','httjjt','jtjtjt','Afternoon',11,1,1,1),('210021063446',74,'30/04/2024','httjjt','jtjtjt','Afternoon',11,1,2,0),('210041001947',74,'30/04/2024','httjjt','jtjtjt','Afternoon',11,1,2,1),('210021063437',74,'30/04/2024','httjjt','jtjtjt','Afternoon',11,2,0,0),('210041001938',74,'30/04/2024','httjjt','jtjtjt','Afternoon',11,2,0,1),('210021063442',74,'30/04/2024','httjjt','jtjtjt','Afternoon',11,2,1,0),('210041001943',74,'30/04/2024','httjjt','jtjtjt','Afternoon',11,2,1,1),('210021063447',74,'30/04/2024','httjjt','jtjtjt','Afternoon',11,2,2,0),('210041001948',74,'30/04/2024','httjjt','jtjtjt','Afternoon',11,2,2,1),('210021063438',74,'30/04/2024','httjjt','jtjtjt','Afternoon',11,3,0,0),('210041001939',74,'30/04/2024','httjjt','jtjtjt','Afternoon',11,3,0,1),('210021063443',74,'30/04/2024','httjjt','jtjtjt','Afternoon',11,3,1,0),('210041001944',74,'30/04/2024','httjjt','jtjtjt','Afternoon',11,3,1,1),('210021063448',74,'30/04/2024','httjjt','jtjtjt','Afternoon',11,3,2,0),('210041001949',74,'30/04/2024','httjjt','jtjtjt','Afternoon',11,3,2,1),('210021063439',74,'30/04/2024','httjjt','jtjtjt','Afternoon',11,4,0,0),('210041001940',74,'30/04/2024','httjjt','jtjtjt','Afternoon',11,4,0,1),('210021063444',74,'30/04/2024','httjjt','jtjtjt','Afternoon',11,4,1,0),('210041001945',74,'30/04/2024','httjjt','jtjtjt','Afternoon',11,4,1,1),('210021063449',74,'30/04/2024','httjjt','jtjtjt','Afternoon',11,4,2,0),('210041002067',74,'30/04/2024','httjjt','jtjtjt','Afternoon',11,4,2,1),('210021063450',74,'30/04/2024','httjjt','jtjtjt','Afternoon',12,0,0,0),('210041002068',74,'30/04/2024','httjjt','jtjtjt','Afternoon',12,0,0,1),('210021063455',74,'30/04/2024','httjjt','jtjtjt','Afternoon',12,0,1,0),('210041002073',74,'30/04/2024','httjjt','jtjtjt','Afternoon',12,0,1,1),('210021063460',74,'30/04/2024','httjjt','jtjtjt','Afternoon',12,0,2,0),('210041002078',74,'30/04/2024','httjjt','jtjtjt','Afternoon',12,0,2,1),('210021063451',74,'30/04/2024','httjjt','jtjtjt','Afternoon',12,1,0,0),('210041002069',74,'30/04/2024','httjjt','jtjtjt','Afternoon',12,1,0,1),('210021063456',74,'30/04/2024','httjjt','jtjtjt','Afternoon',12,1,1,0),('210041002074',74,'30/04/2024','httjjt','jtjtjt','Afternoon',12,1,1,1),('210021063461',74,'30/04/2024','httjjt','jtjtjt','Afternoon',12,1,2,0),('210041002079',74,'30/04/2024','httjjt','jtjtjt','Afternoon',12,1,2,1),('210021063452',74,'30/04/2024','httjjt','jtjtjt','Afternoon',12,2,0,0),('210041002070',74,'30/04/2024','httjjt','jtjtjt','Afternoon',12,2,0,1),('210021063457',74,'30/04/2024','httjjt','jtjtjt','Afternoon',12,2,1,0),('210041002075',74,'30/04/2024','httjjt','jtjtjt','Afternoon',12,2,1,1),('210021063462',74,'30/04/2024','httjjt','jtjtjt','Afternoon',12,2,2,0),('210041002080',74,'30/04/2024','httjjt','jtjtjt','Afternoon',12,2,2,1),('210021063453',74,'30/04/2024','httjjt','jtjtjt','Afternoon',12,3,0,0),('210041002071',74,'30/04/2024','httjjt','jtjtjt','Afternoon',12,3,0,1),('210021063458',74,'30/04/2024','httjjt','jtjtjt','Afternoon',12,3,1,0),('210041002076',74,'30/04/2024','httjjt','jtjtjt','Afternoon',12,3,1,1),('210021063463',74,'30/04/2024','httjjt','jtjtjt','Afternoon',12,3,2,0),('210041002081',74,'30/04/2024','httjjt','jtjtjt','Afternoon',12,3,2,1),('210021063454',74,'30/04/2024','httjjt','jtjtjt','Afternoon',12,4,0,0),('210041002072',74,'30/04/2024','httjjt','jtjtjt','Afternoon',12,4,0,1),('210021063459',74,'30/04/2024','httjjt','jtjtjt','Afternoon',12,4,1,0),('210041002077',74,'30/04/2024','httjjt','jtjtjt','Afternoon',12,4,1,1),('210021063464',74,'30/04/2024','httjjt','jtjtjt','Afternoon',12,4,2,0),('210041002082',74,'30/04/2024','httjjt','jtjtjt','Afternoon',12,4,2,1),('210021063465',74,'30/04/2024','httjjt','jtjtjt','Afternoon',13,0,0,0),('210041002083',74,'30/04/2024','httjjt','jtjtjt','Afternoon',13,0,0,1),('210021063470',74,'30/04/2024','httjjt','jtjtjt','Afternoon',13,0,1,0),('210041002089',74,'30/04/2024','httjjt','jtjtjt','Afternoon',13,0,1,1),('210021063475',74,'30/04/2024','httjjt','jtjtjt','Afternoon',13,0,2,0),('210041002094',74,'30/04/2024','httjjt','jtjtjt','Afternoon',13,0,2,1),('210021063466',74,'30/04/2024','httjjt','jtjtjt','Afternoon',13,1,0,0),('210041002084',74,'30/04/2024','httjjt','jtjtjt','Afternoon',13,1,0,1),('210021063471',74,'30/04/2024','httjjt','jtjtjt','Afternoon',13,1,1,0),('210041002090',74,'30/04/2024','httjjt','jtjtjt','Afternoon',13,1,1,1),('210021063476',74,'30/04/2024','httjjt','jtjtjt','Afternoon',13,1,2,0),('210041002095',74,'30/04/2024','httjjt','jtjtjt','Afternoon',13,1,2,1),('210021063467',74,'30/04/2024','httjjt','jtjtjt','Afternoon',13,2,0,0),('210041002085',74,'30/04/2024','httjjt','jtjtjt','Afternoon',13,2,0,1),('210021063472',74,'30/04/2024','httjjt','jtjtjt','Afternoon',13,2,1,0),('210041002091',74,'30/04/2024','httjjt','jtjtjt','Afternoon',13,2,1,1),('210021063477',74,'30/04/2024','httjjt','jtjtjt','Afternoon',13,2,2,0),('210041002096',74,'30/04/2024','httjjt','jtjtjt','Afternoon',13,2,2,1),('210021063468',74,'30/04/2024','httjjt','jtjtjt','Afternoon',13,3,0,0),('210041002086',74,'30/04/2024','httjjt','jtjtjt','Afternoon',13,3,0,1),('210021063473',74,'30/04/2024','httjjt','jtjtjt','Afternoon',13,3,1,0),('210041002092',74,'30/04/2024','httjjt','jtjtjt','Afternoon',13,3,1,1),('210021063478',74,'30/04/2024','httjjt','jtjtjt','Afternoon',13,3,2,0),('210041002097',74,'30/04/2024','httjjt','jtjtjt','Afternoon',13,3,2,1),('210021063469',74,'30/04/2024','httjjt','jtjtjt','Afternoon',13,4,0,0),('210041002087',74,'30/04/2024','httjjt','jtjtjt','Afternoon',13,4,0,1),('210021063474',74,'30/04/2024','httjjt','jtjtjt','Afternoon',13,4,1,0),('210041002093',74,'30/04/2024','httjjt','jtjtjt','Afternoon',13,4,1,1),('210021063479',74,'30/04/2024','httjjt','jtjtjt','Afternoon',13,4,2,0),('210041002098',74,'30/04/2024','httjjt','jtjtjt','Afternoon',13,4,2,1),('210021063480',74,'30/04/2024','httjjt','jtjtjt','Afternoon',14,0,0,0),('210041002099',74,'30/04/2024','httjjt','jtjtjt','Afternoon',14,0,0,1),('210021063485',74,'30/04/2024','httjjt','jtjtjt','Afternoon',14,0,1,0),('210041002104',74,'30/04/2024','httjjt','jtjtjt','Afternoon',14,0,1,1),('210021070000',74,'30/04/2024','httjjt','jtjtjt','Afternoon',14,0,2,0),('210041002109',74,'30/04/2024','httjjt','jtjtjt','Afternoon',14,0,2,1),('210021063481',74,'30/04/2024','httjjt','jtjtjt','Afternoon',14,1,0,0),('210041002100',74,'30/04/2024','httjjt','jtjtjt','Afternoon',14,1,0,1),('210021069996',74,'30/04/2024','httjjt','jtjtjt','Afternoon',14,1,1,0),('210041002105',74,'30/04/2024','httjjt','jtjtjt','Afternoon',14,1,1,1),('210021070001',74,'30/04/2024','httjjt','jtjtjt','Afternoon',14,1,2,0),('210041002110',74,'30/04/2024','httjjt','jtjtjt','Afternoon',14,1,2,1),('210021063482',74,'30/04/2024','httjjt','jtjtjt','Afternoon',14,2,0,0),('210041002101',74,'30/04/2024','httjjt','jtjtjt','Afternoon',14,2,0,1),('210021069997',74,'30/04/2024','httjjt','jtjtjt','Afternoon',14,2,1,0),('210041002106',74,'30/04/2024','httjjt','jtjtjt','Afternoon',14,2,1,1),('210021070002',74,'30/04/2024','httjjt','jtjtjt','Afternoon',14,2,2,0),('210041002111',74,'30/04/2024','httjjt','jtjtjt','Afternoon',14,2,2,1),('210021063483',74,'30/04/2024','httjjt','jtjtjt','Afternoon',14,3,0,0),('210041002102',74,'30/04/2024','httjjt','jtjtjt','Afternoon',14,3,0,1),('210021069998',74,'30/04/2024','httjjt','jtjtjt','Afternoon',14,3,1,0),('210041002107',74,'30/04/2024','httjjt','jtjtjt','Afternoon',14,3,1,1),('210021070003',74,'30/04/2024','httjjt','jtjtjt','Afternoon',14,3,2,0),('210041002112',74,'30/04/2024','httjjt','jtjtjt','Afternoon',14,3,2,1),('210021063484',74,'30/04/2024','httjjt','jtjtjt','Afternoon',14,4,0,0),('210041002103',74,'30/04/2024','httjjt','jtjtjt','Afternoon',14,4,0,1),('210021069999',74,'30/04/2024','httjjt','jtjtjt','Afternoon',14,4,1,0),('210041002108',74,'30/04/2024','httjjt','jtjtjt','Afternoon',14,4,1,1),('210021070004',74,'30/04/2024','httjjt','jtjtjt','Afternoon',14,4,2,0),('210041002114',74,'30/04/2024','httjjt','jtjtjt','Afternoon',14,4,2,1),('210021070005',74,'30/04/2024','httjjt','jtjtjt','Afternoon',15,0,0,0),('210041002115',74,'30/04/2024','httjjt','jtjtjt','Afternoon',15,0,0,1),('210021070010',74,'30/04/2024','httjjt','jtjtjt','Afternoon',15,0,1,0),('210041002120',74,'30/04/2024','httjjt','jtjtjt','Afternoon',15,0,1,1),('210021070015',74,'30/04/2024','httjjt','jtjtjt','Afternoon',15,0,2,0),('210041002128',74,'30/04/2024','httjjt','jtjtjt','Afternoon',15,0,2,1),('210021070006',74,'30/04/2024','httjjt','jtjtjt','Afternoon',15,1,0,0),('210041002116',74,'30/04/2024','httjjt','jtjtjt','Afternoon',15,1,0,1),('210021070011',74,'30/04/2024','httjjt','jtjtjt','Afternoon',15,1,1,0),('210041002123',74,'30/04/2024','httjjt','jtjtjt','Afternoon',15,1,1,1),('210021070016',74,'30/04/2024','httjjt','jtjtjt','Afternoon',15,1,2,0),('210021070007',74,'30/04/2024','httjjt','jtjtjt','Afternoon',15,2,0,0),('210041002117',74,'30/04/2024','httjjt','jtjtjt','Afternoon',15,2,0,1),('210021070012',74,'30/04/2024','httjjt','jtjtjt','Afternoon',15,2,1,0),('210041002124',74,'30/04/2024','httjjt','jtjtjt','Afternoon',15,2,1,1),('210021070017',74,'30/04/2024','httjjt','jtjtjt','Afternoon',15,2,2,0),('210021070008',74,'30/04/2024','httjjt','jtjtjt','Afternoon',15,3,0,0),('210041002118',74,'30/04/2024','httjjt','jtjtjt','Afternoon',15,3,0,1),('210021070013',74,'30/04/2024','httjjt','jtjtjt','Afternoon',15,3,1,0),('210041002125',74,'30/04/2024','httjjt','jtjtjt','Afternoon',15,3,1,1),('210041002121',74,'30/04/2024','httjjt','jtjtjt','Afternoon',15,3,2,0),('210021070009',74,'30/04/2024','httjjt','jtjtjt','Afternoon',15,4,0,0),('210041002119',74,'30/04/2024','httjjt','jtjtjt','Afternoon',15,4,0,1),('210021070014',74,'30/04/2024','httjjt','jtjtjt','Afternoon',15,4,1,0),('210041002126',74,'30/04/2024','httjjt','jtjtjt','Afternoon',15,4,1,1),('210041002122',74,'30/04/2024','httjjt','jtjtjt','Afternoon',15,4,2,0),('210021001169',76,'30/04/2024','223344','445555','Afternoon',1,0,0,0),('210021001186',76,'30/04/2024','223344','445555','Afternoon',1,0,1,0),('210021001201',76,'30/04/2024','223344','445555','Afternoon',1,0,2,0),('210021031967',76,'30/04/2024','223344','445555','Afternoon',1,0,3,0),('210021031983',76,'30/04/2024','223344','445555','Afternoon',1,0,4,0),('210021001172',76,'30/04/2024','223344','445555','Afternoon',1,1,0,0),('210021001187',76,'30/04/2024','223344','445555','Afternoon',1,1,1,0),('210021001202',76,'30/04/2024','223344','445555','Afternoon',1,1,2,0),('210021031968',76,'30/04/2024','223344','445555','Afternoon',1,1,3,0),('210021031984',76,'30/04/2024','223344','445555','Afternoon',1,1,4,0),('210021001173',76,'30/04/2024','223344','445555','Afternoon',1,2,0,0),('210021001188',76,'30/04/2024','223344','445555','Afternoon',1,2,1,0),('210021001203',76,'30/04/2024','223344','445555','Afternoon',1,2,2,0),('210021031969',76,'30/04/2024','223344','445555','Afternoon',1,2,3,0),('210021031985',76,'30/04/2024','223344','445555','Afternoon',1,2,4,0),('210021001174',76,'30/04/2024','223344','445555','Afternoon',1,3,0,0),('210021001189',76,'30/04/2024','223344','445555','Afternoon',1,3,1,0),('210021001204',76,'30/04/2024','223344','445555','Afternoon',1,3,2,0),('210021031970',76,'30/04/2024','223344','445555','Afternoon',1,3,3,0),('210021031986',76,'30/04/2024','223344','445555','Afternoon',1,3,4,0),('210021001175',76,'30/04/2024','223344','445555','Afternoon',1,4,0,0),('210021001190',76,'30/04/2024','223344','445555','Afternoon',1,4,1,0),('210021001205',76,'30/04/2024','223344','445555','Afternoon',1,4,2,0),('210021031972',76,'30/04/2024','223344','445555','Afternoon',1,4,3,0),('210021031987',76,'30/04/2024','223344','445555','Afternoon',1,4,4,0),('210021001176',76,'30/04/2024','223344','445555','Afternoon',1,5,0,0),('210021001191',76,'30/04/2024','223344','445555','Afternoon',1,5,1,0),('210021001206',76,'30/04/2024','223344','445555','Afternoon',1,5,2,0),('210021031973',76,'30/04/2024','223344','445555','Afternoon',1,5,3,0),('210021031988',76,'30/04/2024','223344','445555','Afternoon',1,5,4,0),('210021001177',76,'30/04/2024','223344','445555','Afternoon',1,6,0,0),('210021001192',76,'30/04/2024','223344','445555','Afternoon',1,6,1,0),('210021001207',76,'30/04/2024','223344','445555','Afternoon',1,6,2,0),('210021031974',76,'30/04/2024','223344','445555','Afternoon',1,6,3,0),('210021031989',76,'30/04/2024','223344','445555','Afternoon',1,6,4,0),('210021001178',76,'30/04/2024','223344','445555','Afternoon',1,7,0,0),('210021001193',76,'30/04/2024','223344','445555','Afternoon',1,7,1,0),('210021001208',76,'30/04/2024','223344','445555','Afternoon',1,7,2,0),('210021031975',76,'30/04/2024','223344','445555','Afternoon',1,7,3,0),('210021031990',76,'30/04/2024','223344','445555','Afternoon',1,7,4,0),('210021001179',76,'30/04/2024','223344','445555','Afternoon',1,8,0,0),('210021001194',76,'30/04/2024','223344','445555','Afternoon',1,8,1,0),('210021031960',76,'30/04/2024','223344','445555','Afternoon',1,8,2,0),('210021031976',76,'30/04/2024','223344','445555','Afternoon',1,8,3,0),('210021001180',76,'30/04/2024','223344','445555','Afternoon',1,9,0,0),('210021001195',76,'30/04/2024','223344','445555','Afternoon',1,9,1,0),('210021031961',76,'30/04/2024','223344','445555','Afternoon',1,9,2,0),('210021031977',76,'30/04/2024','223344','445555','Afternoon',1,9,3,0),('210021001181',76,'30/04/2024','223344','445555','Afternoon',1,10,0,0),('210021001196',76,'30/04/2024','223344','445555','Afternoon',1,10,1,0),('210021031962',76,'30/04/2024','223344','445555','Afternoon',1,10,2,0),('210021031978',76,'30/04/2024','223344','445555','Afternoon',1,10,3,0),('210021001182',76,'30/04/2024','223344','445555','Afternoon',1,11,0,0),('210021001197',76,'30/04/2024','223344','445555','Afternoon',1,11,1,0),('210021031963',76,'30/04/2024','223344','445555','Afternoon',1,11,2,0),('210021031979',76,'30/04/2024','223344','445555','Afternoon',1,11,3,0),('210021001183',76,'30/04/2024','223344','445555','Afternoon',1,12,0,0),('210021001198',76,'30/04/2024','223344','445555','Afternoon',1,12,1,0),('210021031964',76,'30/04/2024','223344','445555','Afternoon',1,12,2,0),('210021031980',76,'30/04/2024','223344','445555','Afternoon',1,12,3,0),('210021001184',76,'30/04/2024','223344','445555','Afternoon',1,13,0,0),('210021001199',76,'30/04/2024','223344','445555','Afternoon',1,13,1,0),('210021031965',76,'30/04/2024','223344','445555','Afternoon',1,13,2,0),('210021031981',76,'30/04/2024','223344','445555','Afternoon',1,13,3,0),('210021001171',76,'30/04/2024','223344','445555','Afternoon',1,13,5,0),('210021001185',76,'30/04/2024','223344','445555','Afternoon',1,14,0,0),('210021001200',76,'30/04/2024','223344','445555','Afternoon',1,14,1,0),('210021031966',76,'30/04/2024','223344','445555','Afternoon',1,14,2,0),('210021031982',76,'30/04/2024','223344','445555','Afternoon',1,14,3,0),('210021001170',76,'30/04/2024','223344','445555','Afternoon',1,14,5,0);
/*!40000 ALTER TABLE `student_allocations` ENABLE KEYS */;
UNLOCK TABLES;

--
-- Table structure for table `student_notifications`
--

DROP TABLE IF EXISTS `student_notifications`;
/*!40101 SET @saved_cs_client     = @@character_set_client */;
/*!50503 SET character_set_client = utf8mb4 */;
CREATE TABLE `student_notifications` (
  `notification_id` int NOT NULL AUTO_INCREMENT,
  `prn` varchar(20) DEFAULT NULL,
  `program` varchar(255) DEFAULT NULL,
  `level` varchar(10) DEFAULT NULL,
  `batch` varchar(10) DEFAULT NULL,
  `content` longtext NOT NULL,
  `expiry` varchar(10) DEFAULT NULL,
  PRIMARY KEY (`notification_id`),
  UNIQUE KEY `notification_id_UNIQUE` (`notification_id`),
  KEY `StudentNotifications_Student_ID` (`prn`),
  CONSTRAINT `StudentNotifications_Student_ID` FOREIGN KEY (`prn`) REFERENCES `students` (`prn`) ON DELETE CASCADE ON UPDATE CASCADE
) ENGINE=InnoDB DEFAULT CHARSET=utf8mb4 COLLATE=utf8mb4_0900_ai_ci;
/*!40101 SET character_set_client = @saved_cs_client */;

--
-- Dumping data for table `student_notifications`
--

LOCK TABLES `student_notifications` WRITE;
/*!40000 ALTER TABLE `student_notifications` DISABLE KEYS */;
/*!40000 ALTER TABLE `student_notifications` ENABLE KEYS */;
UNLOCK TABLES;

--
-- Table structure for table `students`
--

DROP TABLE IF EXISTS `students`;
/*!40101 SET @saved_cs_client     = @@character_set_client */;
/*!50503 SET character_set_client = utf8mb4 */;
CREATE TABLE `students` (
  `prn` varchar(20) NOT NULL,
  `name` varchar(100) NOT NULL,
  `level` varchar(45) NOT NULL,
  `program` varchar(255) NOT NULL,
  `batch` varchar(10) NOT NULL,
  `mark_data` json DEFAULT NULL,
  PRIMARY KEY (`prn`),
  UNIQUE KEY `prn_UNIQUE` (`prn`)
) ENGINE=InnoDB DEFAULT CHARSET=utf8mb4 COLLATE=utf8mb4_0900_ai_ci;
/*!40101 SET character_set_client = @saved_cs_client */;

--
-- Dumping data for table `students`
--

LOCK TABLES `students` WRITE;
/*!40000 ALTER TABLE `students` DISABLE KEYS */;
INSERT INTO `students` VALUES ('210021001169','AKSHAY K S ','UG','B.A English Language and Literature Model I','2021',NULL),('210021001170','ALAN K GIGI','UG','B.A English Language and Literature Model I','2021',NULL),('210021001171','AMALA HENDRY','UG','B.A English Language and Literature Model I','2021',NULL),('210021001172','AMI PRASAD','UG','B.A English Language and Literature Model I','2021',NULL),('210021001173','ANANYA UNNIKRISHNAN','UG','B.A English Language and Literature Model I','2021',NULL),('210021001174','ANDERSON AURELIAN LUIZ','UG','B.A English Language and Literature Model I','2021',NULL),('210021001175','ANEETA STORM','UG','B.A English Language and Literature Model I','2021',NULL),('210021001176','ANN MARIYA RAPHEL','UG','B.A English Language and Literature Model I','2021',NULL),('210021001177','ANUPAMA M G','UG','B.A English Language and Literature Model I','2021',NULL),('210021001178','ANZILA KABEER','UG','B.A English Language and Literature Model I','2021',NULL),('210021001179','BEN THOMAS','UG','B.A English Language and Literature Model I','2021',NULL),('210021001180','DARIL ANTONY','UG','B.A English Language and Literature Model I','2021',NULL),('210021001181','ELDOSE ELDO','UG','B.A English Language and Literature Model I','2021',NULL),('210021001182','FATHIMATHU SSAHIYA P Y','UG','B.A English Language and Literature Model I','2021',NULL),('210021001183','GAYATHRI R','UG','B.A English Language and Literature Model I','2021',NULL),('210021001184','HADIYA FATHIMA C Y ','UG','B.A English Language and Literature Model I','2021',NULL),('210021001185','HARSHA P NAIR','UG','B.A English Language and Literature Model I','2021',NULL),('210021001186','JOSIYA JOSEPH','UG','B.A English Language and Literature Model I','2021',NULL),('210021001187','K S ANANTH KRISHNA','UG','B.A English Language and Literature Model I','2021',NULL),('210021001188','LAKSHMI PRASAD','UG','B.A English Language and Literature Model I','2021',NULL),('210021001189','LINA ANIL JOHN','UG','B.A English Language and Literature Model I','2021',NULL),('210021001190','MOHAMMED RAISH S S','UG','B.A English Language and Literature Model I','2021',NULL),('210021001191','MUHAMMED AADHIL P A','UG','B.A English Language and Literature Model I','2021',NULL),('210021001192','NIKITHA BABU','UG','B.A English Language and Literature Model I','2021',NULL),('210021001193','RAJEEV PATRIC','UG','B.A English Language and Literature Model I','2021',NULL),('210021001194','RENE SEBASTIAN','UG','B.A English Language and Literature Model I','2021',NULL),('210021001195','RENLA ROSE XAVI','UG','B.A English Language and Literature Model I','2021',NULL),('210021001196','RINZA PARVEEN','UG','B.A English Language and Literature Model I','2021',NULL),('210021001197','RUKSANA BEEGAM P N ','UG','B.A English Language and Literature Model I','2021',NULL),('210021001198','SHAFEEKA MOHAMMED ASHROFF','UG','B.A English Language and Literature Model I','2021',NULL),('210021001199','SNEHA SEBASTIAN','UG','B.A English Language and Literature Model I','2021',NULL),('210021001200','SUHAIL K MUHAMMED','UG','B.A English Language and Literature Model I','2021',NULL),('210021001201','VIMAL M S','UG','B.A English Language and Literature Model I','2021',NULL),('210021001202','AMAR SAMAD','UG','B.A English Language and Literature Model I','2021',NULL),('210021001203','ANITTA JOSE ','UG','B.A English Language and Literature Model I','2021',NULL),('210021001204','DEVYANI','UG','B.A English Language and Literature Model I','2021',NULL),('210021001205','ELIZABETH KISKU','UG','B.A English Language and Literature Model I','2021',NULL),('210021001206','GOVIND M S','UG','B.A English Language and Literature Model I','2021',NULL),('210021001207','IMTIAAZ HASSAN','UG','B.A English Language and Literature Model I','2021',NULL),('210021001208','ROSNA M J','UG','B.A English Language and Literature Model I','2021',NULL),('210021005077','ABHIRAM V','UG','B.A English Language and Literature Model II Teaching','2021',NULL),('210021005078','ADITHYA DENNY','UG','B.A English Language and Literature Model II Teaching','2021',NULL),('210021005079','AKSHAY JEROM P J','UG','B.A English Language and Literature Model II Teaching','2021',NULL),('210021005080','ALEEM RAFEEK','UG','B.A English Language and Literature Model II Teaching','2021',NULL),('210021005081','ALEENA ANTONY','UG','B.Com Model I Co-operation','2021',NULL),('210021005082','ALEENA KAROLIN','UG','B.A English Language and Literature Model II Teaching','2021',NULL),('210021005083','ALEENA V X','UG','B.A English Language and Literature Model II Teaching','2021',NULL),('210021005084','ARUNDAS P S','UG','B.A English Language and Literature Model II Teaching','2021',NULL),('210021005085','ARUN RAJ V R','UG','B.A English Language and Literature Model II Teaching','2021',NULL),('210021005086','ARYA VINOD','UG','B.A English Language and Literature Model II Teaching','2021',NULL),('210021005087','DARVIN DAVIS','UG','B.A English Language and Literature Model II Teaching','2021',NULL),('210021005088','ELSA AUGUSTINE','UG','B.A English Language and Literature Model II Teaching','2021',NULL),('210021005089','FATHIMA FAIROOS P H','UG','B.A English Language and Literature Model II Teaching','2021',NULL),('210021005090','JACOB JOEL','UG','B.A English Language and Literature Model II Teaching','2021',NULL),('210021005091','MUHAMMED ANZIL','UG','B.A English Language and Literature Model II Teaching','2021',NULL),('210021005092','NEELANJANA ANIL','UG','B.A English Language and Literature Model II Teaching','2021',NULL),('210021005093','NIHALA PARVEEN N','UG','B.A English Language and Literature Model II Teaching','2021',NULL),('210021005094','SANAL K S','UG','B.A English Language and Literature Model II Teaching','2021',NULL),('210021005095','SARIKA P S','UG','B.A English Language and Literature Model II Teaching','2021',NULL),('210021005096','SERENE MARIA PIOUS','UG','B.A English Language and Literature Model II Teaching','2021',NULL),('210021005097','SUSHMA ANDREW','UG','B.A English Language and Literature Model II Teaching','2021',NULL),('210021005098','ADEEBA NAZRIN A A','UG','B.A English Language and Literature Model II Teaching','2021',NULL),('210021005099','AFREED ALI ASHRAF MAHAL','UG','B.A English Language and Literature Model II Teaching','2021',NULL),('210021005100','ALINA ANNA SALU','UG','B.A English Language and Literature Model II Teaching','2021',NULL),('210021005101','AMAL KARTHIK','UG','B.A English Language and Literature Model II Teaching','2021',NULL),('210021005102','ASWIN PRADEEP','UG','B.A English Language and Literature Model II Teaching','2021',NULL),('210021005103','KAMARUNNISA K E','UG','B.A English Language and Literature Model II Teaching','2021',NULL),('210021005104','NAVYA JOHN','UG','B.A English Language and Literature Model II Teaching','2021',NULL),('210021005105','ANTONYAMMAL S','UG','B.A English Language and Literature Model II Teaching','2021',NULL),('210021012501','ABY DEVASSY','UG','B.A Economics Model I','2021',NULL),('210021012502','AFFY V A ','UG','B.A Economics Model I','2021',NULL),('210021012503','AJAY KRISHNAN K S','UG','B.A Economics Model I','2021',NULL),('210021012504','AJITH C M','UG','B.A Economics Model I','2021',NULL),('210021012505','AJITHRAN M S','UG','B.A Economics Model I','2021',NULL),('210021012506','AKHIL SAJU','UG','B.A Economics Model I','2021',NULL),('210021012507','AMINA P M ','UG','B.A Economics Model I','2021',NULL),('210021012508','ANJANA A R','UG','B.A Economics Model I','2021',NULL),('210021012509','ASBIYA K A','UG','B.A Economics Model I','2021',NULL),('210021012510','ATHULYA MARIYA','UG','B.A Economics Model I','2021',NULL),('210021012511','BISNA A W','UG','B.A Economics Model I','2021',NULL),('210021012512','FARZANA T S','UG','B.A Economics Model I','2021',NULL),('210021012513','JACOB SIJO SAJAN','UG','B.A Economics Model I','2021',NULL),('210021012514','JAGANATHAN M R','UG','B.A Economics Model I','2021',NULL),('210021012515','JANCY JOY','UG','B.A Economics Model I','2021',NULL),('210021012516','JEREENA GEORGE','UG','B.A Economics Model I','2021',NULL),('210021012517','JEREENA JOSEPH','UG','B.A Economics Model I','2021',NULL),('210021012518','JESHNA JOHNY','UG','B.A Economics Model I','2021',NULL),('210021012519','JOYEL ANTONY','UG','B.A Economics Model I','2021',NULL),('210021012520','KRISHNAVENI K L','UG','B.A Economics Model I','2021',NULL),('210021012521','LIJITHAMOL K S','UG','B.A Economics Model I','2021',NULL),('210021012522','M MEERA','UG','B.A Economics Model I','2021',NULL),('210021012523','MARY DIYA V S','UG','B.A Economics Model I','2021',NULL),('210021012524','MARY SANIYA','UG','B.A Economics Model I','2021',NULL),('210021012525','MILU CARMEL','UG','B.A Economics Model I','2021',NULL),('210021012526','MIRSA NOWRIN  K  S','UG','B.A Economics Model I','2021',NULL),('210021012527','NAYNA WARRIAR','UG','B.A Economics Model I','2021',NULL),('210021012528','NIKHITHA DAS K H','UG','B.A Economics Model I','2021',NULL),('210021012529','NIMMY M O','UG','B.A Economics Model I','2021',NULL),('210021012530','PRIYA K F','UG','B.A Economics Model I','2021',NULL),('210021012531','R RAHUL','UG','B.A Economics Model I','2021',NULL),('210021012532','RIYONA JOSEY','UG','B.A Economics Model I','2021',NULL),('210021012533','ROMSY SHAJAN','UG','B.A Economics Model I','2021',NULL),('210021012534','ROSEMARY N A','UG','B.A Economics Model I','2021',NULL),('210021012535','SAJIN SURESH','UG','B.A Economics Model I','2021',NULL),('210021012536','SAJITH P S','UG','B.A Economics Model I','2021',NULL),('210021012537','SHALIYA P S','UG','B.A Economics Model I','2021',NULL),('210021012538','SHARUKH S','UG','B.A Economics Model I','2021',NULL),('210021012539','SHIFNA AZAD','UG','B.A Economics Model I','2021',NULL),('210021012540','SOOFIYA M A','UG','B.A Economics Model I','2021',NULL),('210021012541','VARGHESE JOYAL K T','UG','B.A Economics Model I','2021',NULL),('210021012542','VARGHESE RIZWIN ANTONY','UG','B.A Economics Model I','2021',NULL),('210021012543','AADARSH JAYAKRISHNAN','UG','B.A Economics Model I','2021',NULL),('210021012544','ALDRINA JAKSON','UG','B.A Economics Model I','2021',NULL),('210021012545','ANAGHA MARTIN M','UG','B.A Economics Model I','2021',NULL),('210021012546','ANJIMA JAYANANDAN','UG','B.A Economics Model I','2021',NULL),('210021012547','ASWIN M S','UG','B.A Economics Model I','2021',NULL),('210021012548','ATHIRA M S ','UG','B.A Economics Model I','2021',NULL),('210021012549','BIRAJ TITU','UG','B.A Economics Model I','2021',NULL),('210021012550','JOYAL BABU K B','UG','B.A Economics Model I','2021',NULL),('210021012551','KRISHNA PRIYA P J','UG','B.A Economics Model I','2021',NULL),('210021012552','MARY ALEESHA P L','UG','B.A Economics Model I','2021',NULL),('210021012553','MEENAKSHY ADARSH','UG','B.A Economics Model I','2021',NULL),('210021012554','POORNIMA PILLAI','UG','B.A Economics Model I','2021',NULL),('210021012555','SAJNA SALIM','UG','B.A Economics Model I','2021',NULL),('210021012556','SHAHANA SIDHIQU','UG','B.A Economics Model I','2021',NULL),('210021012557','SHIVANI SASI P V','UG','B.A Economics Model I','2021',NULL),('210021012558','SUBHANA SULFIKER','UG','B.A Economics Model I','2021',NULL),('210021012559','ALLEN PAUL','UG','B.A Economics Model I','2021',NULL),('210021012560','SNEHA K A','UG','B.A Economics Model I','2021',NULL),('210021027040','AFINA D\'ROCHA','UG','B.Sc Chemistry Model II Industrial Chemistry','2021',NULL),('210021027041','AMAL S','UG','B.Sc Chemistry Model II Industrial Chemistry','2021',NULL),('210021027042','AMALJITH V J','UG','B.Sc Chemistry Model II Industrial Chemistry','2021',NULL),('210021027043','ANTONY SHAHIN MATHEW','UG','B.Sc Chemistry Model II Industrial Chemistry','2021',NULL),('210021027044','AROMAL K P','UG','B.Sc Chemistry Model II Industrial Chemistry','2021',NULL),('210021027045','ASISH ANTONY','UG','B.Sc Chemistry Model II Industrial Chemistry','2021',NULL),('210021027046','CHARLES PISHON D\' SILVA','UG','B.Sc Chemistry Model II Industrial Chemistry','2021',NULL),('210021027047','GOURI M','UG','B.Sc Chemistry Model II Industrial Chemistry','2021',NULL),('210021027048','JOYAL P J ','UG','B.Sc Chemistry Model II Industrial Chemistry','2021',NULL),('210021027049','LEON A J','UG','B.Sc Chemistry Model II Industrial Chemistry','2021',NULL),('210021027050','NASILA M J','UG','B.Sc Chemistry Model II Industrial Chemistry','2021',NULL),('210021027051','SAM TONY','UG','B.Sc Chemistry Model II Industrial Chemistry','2021',NULL),('210021027052','SENNA JOLLY','UG','B.Sc Chemistry Model II Industrial Chemistry','2021',NULL),('210021027053','SWATHY K S','UG','B.Sc Chemistry Model II Industrial Chemistry','2021',NULL),('210021027054','V S SREELAKSHMI','UG','B.Sc Chemistry Model II Industrial Chemistry','2021',NULL),('210021027055','YASIN MUHAMMED','UG','B.Sc Chemistry Model II Industrial Chemistry','2021',NULL),('210021027056','AKASH GEORGE','UG','B.Sc Chemistry Model II Industrial Chemistry','2021',NULL),('210021027057','ATHIRA V THILAKAN','UG','B.Sc Chemistry Model II Industrial Chemistry','2021',NULL),('210021027058','DHAYA ANTONY','UG','B.Sc Chemistry Model II Industrial Chemistry','2021',NULL),('210021027059','FATHIMATH SHAHARBAN M M','UG','B.Sc Chemistry Model II Industrial Chemistry','2021',NULL),('210021027060','MANUVEL THOMAS','UG','B.Sc Chemistry Model II Industrial Chemistry','2021',NULL),('210021027061','MARY DELISHYA K J','UG','B.Sc Chemistry Model II Industrial Chemistry','2021',NULL),('210021027062','SHARON SABU','UG','B.Sc Chemistry Model II Industrial Chemistry','2021',NULL),('210021027063','SONA HENRY','UG','B.Sc Chemistry Model II Industrial Chemistry','2021',NULL),('210021027064','SREELAKSHMI A','UG','B.Sc Chemistry Model II Industrial Chemistry','2021',NULL),('210021027181','ARYA N PADMANABHAN','UG','B.Sc Chemistry Model II Industrial Chemistry','2021',NULL),('210021027634','ADIKESAV V','UG','B.Sc Computer Science Model III','2021',NULL),('210021027635','ADITHYA S PRABHU','UG','B.Sc Computer Science Model III','2021',NULL),('210021027636','AJSAL SAMEER','UG','B.Sc Computer Science Model III','2021',NULL),('210021027637','AKHILA VIJU','UG','B.Sc Computer Science Model III','2021',NULL),('210021027638','ALAN ANTONY P V','UG','B.Sc Computer Science Model III','2021',NULL),('210021027639','ALDRIN MATHEW','UG','B.Sc Computer Science Model III','2021',NULL),('210021027640','ANN MARIA JOB','UG','B.Sc Computer Science Model III','2021',NULL),('210021027641','ANNSON SAVIO PETER','UG','B.Sc Computer Science Model III','2021',NULL),('210021027642','ASHLIN RAPHY T R','UG','B.Sc Computer Science Model III','2021',NULL),('210021027643','DON XAVIER','UG','B.Sc Computer Science Model III','2021',NULL),('210021027644','EMIL ANTONY N GEORGE','UG','B.Sc Computer Science Model III','2021',NULL),('210021027645','EMMANUEL ANTONY K S','UG','B.Sc Computer Science Model III','2021',NULL),('210021027646','FATHIMA BEEVI P S','UG','B.Sc Computer Science Model III','2021',NULL),('210021027647','FATHIMA SAHALA P A','UG','B.Sc Computer Science Model III','2021',NULL),('210021027648','FEBIN FRANCIS','UG','B.Sc Computer Science Model III','2021',NULL),('210021027649','GOURIPRIYA C S','UG','B.Sc Computer Science Model III','2021',NULL),('210021027650','HARIKRISHNA SYAM T U ','UG','B.Sc Computer Science Model III','2021',NULL),('210021027651','KIRAN SAGAR A A','UG','B.Sc Computer Science Model III','2021',NULL),('210021027652','LAKSHMI T UNNIKRISHNAN','UG','B.Sc Computer Science Model III','2021',NULL),('210021027653','MARIA VISMAYA','UG','B.Sc Computer Science Model III','2021',NULL),('210021027654','MUHAMMED NADEEM P M','UG','B.Sc Computer Science Model III','2021',NULL),('210021027655','NIKHIL GEOLIONEL N B','UG','B.Sc Computer Science Model III','2021',NULL),('210021027656','PRASHIN T S','UG','B.Sc Computer Science Model III','2021',NULL),('210021027657','RAHUL P GANESH','UG','B.Sc Computer Science Model III','2021',NULL),('210021027658','SANINDRA C R','UG','B.Sc Computer Science Model III','2021',NULL),('210021027659','SHREYAS JAYAPRAKASH','UG','B.Sc Computer Science Model III','2021',NULL),('210021031960','AADIMA PRADEEP','UG','B.Sc Mathematics Model I','2021',NULL),('210021031961','AJAY ROBIN','UG','B.Sc Mathematics Model I','2021',NULL),('210021031962','ALKA TOMY','UG','B.Sc Mathematics Model I','2021',NULL),('210021031963','ANEETA MARIYA BERNARD','UG','B.Sc Mathematics Model I','2021',NULL),('210021031964','ARJUN T S','UG','B.Sc Mathematics Model I','2021',NULL),('210021031965','AYANA JUDE','UG','B.Sc Mathematics Model I','2021',NULL),('210021031966','DEVIKA N P','UG','B.Sc Mathematics Model I','2021',NULL),('210021031967','DILNA P BERLY','UG','B.Sc Mathematics Model I','2021',NULL),('210021031968','EBIN VARGHESE M B','UG','B.Sc Mathematics Model I','2021',NULL),('210021031969','JIFFIN THOMAS','UG','B.Sc Mathematics Model I','2021',NULL),('210021031970','JOSE RENISH A R','UG','B.Sc Mathematics Model I','2021',NULL),('210021031972','K REEM FATHIMA SHAFEEK','UG','B.Sc Mathematics Model I','2021',NULL),('210021031973','K J ANAND','UG','B.Sc Mathematics Model I','2021',NULL),('210021031974','KRISHNASREE V M','UG','B.Sc Mathematics Model I','2021',NULL),('210021031975','LAKSHMI LAIJAN','UG','B.Sc Mathematics Model I','2021',NULL),('210021031976','MIZNA MOHAMMED T K ','UG','B.Sc Mathematics Model I','2021',NULL),('210021031977','MUHAMMED JAVAD V R','UG','B.Sc Mathematics Model I','2021',NULL),('210021031978','NANDHANA M MANOHARAN','UG','B.Sc Mathematics Model I','2021',NULL),('210021031979','NEVIN SEBASTIAN','UG','B.Sc Mathematics Model I','2021',NULL),('210021031980','SHABNA V R','UG','B.Sc Mathematics Model I','2021',NULL),('210021031981','SNEHA K PRAKASH','UG','B.Sc Mathematics Model I','2021',NULL),('210021031982','UJHVAL K J','UG','B.Sc Mathematics Model I','2021',NULL),('210021031983','ABHINAV P P','UG','B.Sc Mathematics Model I','2021',NULL),('210021031984','ASHIQU BIJU','UG','B.Sc Mathematics Model I','2021',NULL),('210021031985','MUHAMMED NIZAM P A','UG','B.Sc Mathematics Model I','2021',NULL),('210021031986','NANDANA MANOJ','UG','B.Sc Mathematics Model I','2021',NULL),('210021031987','SANDRA V','UG','B.Sc Mathematics Model I','2021',NULL),('210021031988','SIDINA K D','UG','B.Sc Mathematics Model I','2021',NULL),('210021031989','SURAYYA K R','UG','B.Sc Mathematics Model I','2021',NULL),('210021031990','ABI NIVETHA A','UG','B.Sc Mathematics Model I','2021',NULL),('210021034770','ALWIN JAMES','UG','B.Sc Physics Model I','2021',NULL),('210021034771','ANSIYA T A','UG','B.Sc Physics Model I','2021',NULL),('210021034772','DONNEL FRANCIS JOLLY','UG','B.Sc Physics Model I','2021',NULL),('210021034773','GOKUL K A','UG','B.Sc Physics Model I','2021',NULL),('210021034774','HARIKRISHNAN C','UG','B.Sc Physics Model I','2021',NULL),('210021034775','HUM KAIZEL SHAKE','UG','B.Sc Physics Model I','2021',NULL),('210021034776','KARTHIKA D','UG','B.Sc Physics Model I','2021',NULL),('210021034777','MOHAMMED HAFIZ M M','UG','B.Sc Physics Model I','2021',NULL),('210021034778','MOSES A','UG','B.Sc Physics Model I','2021',NULL),('210021034779','PRITHVIRAJ P R ','UG','B.Sc Physics Model I','2021',NULL),('210021034780','RINALDIN MENDEZ','UG','B.Sc Physics Model I','2021',NULL),('210021034781','SILPA P B','UG','B.Sc Physics Model I','2021',NULL),('210021034782','AFRA AISHA','UG','B.Sc Physics Model I','2021',NULL),('210021034783','AKSHAYA ANIL','UG','B.Sc Physics Model I','2021',NULL),('210021034784','ANJALI ANIL','UG','B.Sc Physics Model I','2021',NULL),('210021034785','ANUPAMA K U','UG','B.Sc Physics Model I','2021',NULL),('210021034786','ASWIN ANTONY MATHEW','UG','B.Sc Physics Model I','2021',NULL),('210021034787','ATHULKRISHNA M U','UG','B.Sc Physics Model I','2021',NULL),('210021034788','EBIN A S','UG','B.Sc Physics Model I','2021',NULL),('210021034789','FIROZ MUHAMMED K A','UG','B.Sc Physics Model I','2021',NULL),('210021034790','GOPIKA','UG','B.Sc Physics Model I','2021',NULL),('210021034791','JASNA PAULSON','UG','B.Sc Physics Model I','2021',NULL),('210021034792','JOSEPH C B','UG','B.Sc Physics Model I','2021',NULL),('210021034793','MUHAMMED FAWAZ R','UG','B.Sc Physics Model I','2021',NULL),('210021034794','NIRMAL BINOY','UG','B.Sc Physics Model I','2021',NULL),('210021034795','PRANAV T PRASANTH','UG','B.Sc Physics Model I','2021',NULL),('210021034796','SANGEETHA K JOSEPH','UG','B.Sc Physics Model I','2021',NULL),('210021034797','SARA JOHNSON','UG','B.Sc Physics Model I','2021',NULL),('210021034798','SEJIN SONY','UG','B.Sc Physics Model I','2021',NULL),('210021034799','SETHULAKSHMI M S ','UG','B.Sc Physics Model I','2021',NULL),('210021034800','SREESAL P A','UG','B.Sc Physics Model I','2021',NULL),('210021063437','A R MAHIN SHAH','UG','B.Com Model I Computer Applications','2021',NULL),('210021063438','ADARSH R','UG','B.Com Model I Computer Applications','2021',NULL),('210021063439','AKSHARA BABYSHAL','UG','B.Com Model I Computer Applications','2021',NULL),('210021063440','AMAL ANTONY PAPPU N J','UG','B.Com Model I Computer Applications','2021',NULL),('210021063441','AMAL JOSE','UG','B.Com Model I Computer Applications','2021',NULL),('210021063442','AMNA FATHIMA C M','UG','B.Com Model I Computer Applications','2021',NULL),('210021063443','ANAMIKA VINOD','UG','B.Com Model I Computer Applications','2021',NULL),('210021063444','ASHLIN GEORGE V J','UG','B.Com Model I Computer Applications','2021',NULL),('210021063445','AVISHNA PAVITHRAN','UG','B.Com Model I Computer Applications','2021',NULL),('210021063446','AYONA JAMES BURBY','UG','B.Com Model I Computer Applications','2021',NULL),('210021063447','BHAVANA KRISHNA','UG','B.Com Model I Computer Applications','2021',NULL),('210021063448','BHAVANA SANTHOSH','UG','B.Com Model I Computer Applications','2021',NULL),('210021063449','BIBIN BENADICT','UG','B.Com Model I Computer Applications','2021',NULL),('210021063450','CHRISTEENA C B','UG','B.Com Model I Computer Applications','2021',NULL),('210021063451','DEEPAK DILEEP','UG','B.Com Model I Computer Applications','2021',NULL),('210021063452','DEVIKA M PILLAI','UG','B.Com Model I Computer Applications','2021',NULL),('210021063453','FATHIMA C A','UG','B.Com Model I Computer Applications','2021',NULL),('210021063454','HARIRAM M','UG','B.Com Model I Computer Applications','2021',NULL),('210021063455','JUSHAL GEORGE','UG','B.Com Model I Computer Applications','2021',NULL),('210021063456','KAVYA VENUGOPAL','UG','B.Com Model I Computer Applications','2021',NULL),('210021063457','KEVIN LEONS','UG','B.Com Model I Computer Applications','2021',NULL),('210021063458','MARY MAGDALINE PINHEIRO','UG','B.Com Model I Computer Applications','2021',NULL),('210021063459','MOHAMMED IQBAL T M','UG','B.Com Model I Computer Applications','2021',NULL),('210021063460','MOHAMMED KAIF J','UG','B.Com Model I Computer Applications','2021',NULL),('210021063461','MOHAMMED SALIH','UG','B.Com Model I Computer Applications','2021',NULL),('210021063462','MUHAMMED FARIZ','UG','B.Com Model I Computer Applications','2021',NULL),('210021063463','MUHAMMED FAROOQ','UG','B.Com Model I Computer Applications','2021',NULL),('210021063464','ROSHAN RAPHEL','UG','B.Com Model I Computer Applications','2021',NULL),('210021063465','SAFNA M S','UG','B.Com Model I Computer Applications','2021',NULL),('210021063466','SANDRA P MICHAEL','UG','B.Com Model I Computer Applications','2021',NULL),('210021063467','SHARON AUGUSTINE','UG','B.Com Model I Computer Applications','2021',NULL),('210021063468','SONA ANTONY','UG','B.Com Model I Computer Applications','2021',NULL),('210021063469','SRUTHY M K','UG','B.Com Model I Computer Applications','2021',NULL),('210021063470','SUVARNA K V','UG','B.Com Model I Computer Applications','2021',NULL),('210021063471','TANUSH G HARI','UG','B.Com Model I Computer Applications','2021',NULL),('210021063472','THARUN MANOHARAN','UG','B.Com Model I Computer Applications','2021',NULL),('210021063473','TONE TOMY','UG','B.Com Model I Computer Applications','2021',NULL),('210021063474','A AMALNATH','UG','B.Com Model I Computer Applications','2021',NULL),('210021063475','A SANJAY GOPAL','UG','B.Com Model I Computer Applications','2021',NULL),('210021063476','ABIN JOY','UG','B.Com Model I Computer Applications','2021',NULL),('210021063477','BHAGYALAKSHMI M S','UG','B.Com Model I Computer Applications','2021',NULL),('210021063478','FITHA K B','UG','B.Com Model I Computer Applications','2021',NULL),('210021063479','GAYATHRI A N','UG','B.Com Model I Computer Applications','2021',NULL),('210021063480','HASNEENA ISMAIL','UG','B.Com Model I Computer Applications','2021',NULL),('210021063481','JOSEPH JOHN','UG','B.Com Model I Computer Applications','2021',NULL),('210021063482','NAFLA K A','UG','B.Com Model I Computer Applications','2021',NULL),('210021063483','NANDA CHANDRAN','UG','B.Com Model I Computer Applications','2021',NULL),('210021063484','SAJILA T S','UG','B.Com Model I Computer Applications','2021',NULL),('210021063485','THEJASREE MOHAN','UG','B.Com Model I Computer Applications','2021',NULL),('210021066086','ABHISHEK K THILAK','UG','B.Com Model I Co-operation','2021',NULL),('210021066087','AKHILAKUTTY V M','UG','B.Com Model I Co-operation','2021',NULL),('210021066088','ALBIN ANTONY','UG','B.Com Model I Co-operation','2021',NULL),('210021066089','ALBIN VINCENT','UG','B.Com Model I Co-operation','2021',NULL),('210021066091','ALFIA MAJEED','UG','B.Com Model I Co-operation','2021',NULL),('210021066092','ALVIN SABU','UG','B.Com Model I Co-operation','2021',NULL),('210021066093','AMRUTHA T U','UG','B.Com Model I Co-operation','2021',NULL),('210021066094','ANAKHA K','UG','B.Com Model I Co-operation','2021',NULL),('210021066095','ANEENA ELSA LALJI','UG','B.Com Model I Co-operation','2021',NULL),('210021066096','ANUSREE S','UG','B.Com Model I Co-operation','2021',NULL),('210021066097','APARNA P R','UG','B.Com Model I Co-operation','2021',NULL),('210021066098','ARATHI SUNIL','UG','B.Com Model I Co-operation','2021',NULL),('210021066099','ARYA GIRISH','UG','B.Com Model I Co-operation','2021',NULL),('210021066100','BHAVANA N B','UG','B.Com Model I Co-operation','2021',NULL),('210021066101','BINSIYA K B','UG','B.Com Model I Co-operation','2021',NULL),('210021066102','DUVELL DICKSON','UG','B.Com Model I Co-operation','2021',NULL),('210021066103','ELIZABATH MARIA','UG','B.Com Model I Co-operation','2021',NULL),('210021066104','GEETHU VELAYUDHAN','UG','B.Com Model I Co-operation','2021',NULL),('210021066105','HARIKRISHNA K B','UG','B.Com Model I Co-operation','2021',NULL),('210021066106','HARIS PAUL PADAMADAN','UG','B.Com Model I Co-operation','2021',NULL),('210021066107','HEMANTH JOHNSON','UG','B.Com Model I Co-operation','2021',NULL),('210021066108','HRISHIKESH S','UG','B.Com Model I Co-operation','2021',NULL),('210021066109','HUSNA P M','UG','B.Com Model I Co-operation','2021',NULL),('210021066110','JISNA JIJO','UG','B.Com Model I Co-operation','2021',NULL),('210021066111','LAKSHMI PARVATHY N D','UG','B.Com Model I Co-operation','2021',NULL),('210021066112','LIYAMOL SUGATHAN','UG','B.Com Model I Co-operation','2021',NULL),('210021066113','MARY HENIN K A','UG','B.Com Model I Co-operation','2021',NULL),('210021066114','MARY NIVYA JACOB','UG','B.Com Model I Co-operation','2021',NULL),('210021066115','MISHEL ANN','UG','B.Com Model I Co-operation','2021',NULL),('210021066116','RAMZEENA K Z','UG','B.Com Model I Co-operation','2021',NULL),('210021066117','ROSE MARY RAJU','UG','B.Com Model I Co-operation','2021',NULL),('210021066118','ROSEMARY BENNY','UG','B.Com Model I Co-operation','2021',NULL),('210021066119','SANDRA MARIA','UG','B.Com Model I Co-operation','2021',NULL),('210021066120','SANDRA C A','UG','B.Com Model I Co-operation','2021',NULL),('210021066121','SANJAY KRISHNA T S','UG','B.Com Model I Co-operation','2021',NULL),('210021066122','SHUHAIB P N','UG','B.Com Model I Co-operation','2021',NULL),('210021066123','SIDARTH SATHEESAN','UG','B.Com Model I Co-operation','2021',NULL),('210021066124','SONA MATHEW','UG','B.Com Model I Co-operation','2021',NULL),('210021066125','THARA BABU','UG','B.Com Model I Co-operation','2021',NULL),('210021066126','VARSHA UNNIKRISHNAN','UG','B.Com Model I Co-operation','2021',NULL),('210021066127','AKSHAYA SUDHEER','UG','B.Com Model I Co-operation','2021',NULL),('210021066128','ALEENA I G','UG','B.Com Model I Co-operation','2021',NULL),('210021066129','ANN MARIA GILBERT','UG','B.Com Model I Co-operation','2021',NULL),('210021066130','KASINATH S KRISHNA','UG','B.Com Model I Co-operation','2021',NULL),('210021066131','MAJIDA JAMAL','UG','B.Com Model I Co-operation','2021',NULL),('210021066132','MEENAKSHI M A','UG','B.Com Model I Co-operation','2021',NULL),('210021066133','NANDANA NAIR','UG','B.Com Model I Co-operation','2021',NULL),('210021066134','NIVEA GRACE NIXON','UG','B.Com Model I Co-operation','2021',NULL),('210021066135','SHAHANAS V S','UG','B.Com Model I Co-operation','2021',NULL),('210021066136','SNEHA KENSON','UG','B.Com Model I Co-operation','2021',NULL),('210021066137','ALDRIN ANTONY V J','UG','B.Com Model I Co-operation','2021',NULL),('210021069996','ABEL GEORGE','UG','B.Com Model I Finance & Taxation','2021',NULL),('210021069997','ABHINAV K S','UG','B.Com Model I Finance & Taxation','2021',NULL),('210021069998','AJMAL KHALID','UG','B.Com Model I Finance & Taxation','2021',NULL),('210021069999','ALAN JOBY','UG','B.Com Model I Finance & Taxation','2021',NULL),('210021070000','ALBERIC SHONE SIMENDI','UG','B.Com Model I Finance & Taxation','2021',NULL),('210021070001','ALEENA JOJO','UG','B.Com Model I Finance & Taxation','2021',NULL),('210021070002','ALEENA P JOSHY','UG','B.Com Model I Finance & Taxation','2021',NULL),('210021070003','ALWIN JOSEPH','UG','B.Com Model I Finance & Taxation','2021',NULL),('210021070004','ANAGHA SANTHOSH','UG','B.Com Model I Finance & Taxation','2021',NULL),('210021070005','ANAKHA JAYAN','UG','B.Com Model I Finance & Taxation','2021',NULL),('210021070006','ANGEL MARIA T A','UG','B.Com Model I Finance & Taxation','2021',NULL),('210021070007','ANJITHA C V','UG','B.Com Model I Finance & Taxation','2021',NULL),('210021070008','ANN ALEENA V D','UG','B.Com Model I Finance & Taxation','2021',NULL),('210021070009','ANUPAMA RAVI','UG','B.Com Model I Finance & Taxation','2021',NULL),('210021070010','APARNA MADHU','UG','B.Com Model I Finance & Taxation','2021',NULL),('210021070011','ARYA M B','UG','B.Com Model I Finance & Taxation','2021',NULL),('210021070012','ASHNA JOSEPH','UG','B.Com Model I Finance & Taxation','2021',NULL),('210021070013','ASHNA MARIYA','UG','B.Com Model I Finance & Taxation','2021',NULL),('210021070014','ASWATHY M O','UG','B.Com Model I Finance & Taxation','2021',NULL),('210021070015','FATHIMA RIZWANA','UG','B.Com Model I Finance & Taxation','2021',NULL),('210021070016','HIMA SUNILKUMAR','UG','B.Com Model I Finance & Taxation','2021',NULL),('210021070017','JAHANA SHIRIN P S','UG','B.Com Model I Finance & Taxation','2021',NULL),('210021070018','JESNA JUDY','UG','B.Com Model I Finance & Taxation','2021',NULL),('210021070019','JINS U JERSON','UG','B.Com Model I Finance & Taxation','2021',NULL),('210021070020','JIYA JOHNSON','UG','B.Com Model I Finance & Taxation','2021',NULL),('210021070021','JOHN JOEL JOLLY','UG','B.Com Model I Finance & Taxation','2021',NULL),('210021070022','JOYAL JIJU','UG','B.Com Model I Finance & Taxation','2021',NULL),('210021070023','KARTHICK C KOWSHICK','UG','B.Com Model I Finance & Taxation','2021',NULL),('210021070024','LENA JOHN P','UG','B.Com Model I Finance & Taxation','2021',NULL),('210021070025','MARIYA CELINE','UG','B.Com Model I Finance & Taxation','2021',NULL),('210021070026','MARY NEENU M J','UG','B.Com Model I Finance & Taxation','2021',NULL),('210021070027','MARY SANDRA MATHEW','UG','B.Com Model I Finance & Taxation','2021',NULL),('210021070028','MILEEN T BIJU','UG','B.Com Model I Finance & Taxation','2021',NULL),('210021070029','MUHAMMED FARHAN K','UG','B.Com Model I Finance & Taxation','2021',NULL),('210021070030','MURPHY ANTONY','UG','B.Com Model I Finance & Taxation','2021',NULL),('210021070031','NANDHANA S','UG','B.Com Model I Finance & Taxation','2021',NULL),('210021070032','NOORA V R','UG','B.Com Model I Finance & Taxation','2021',NULL),('210021070033','RINTA DAVEES','UG','B.Com Model I Finance & Taxation','2021',NULL),('210021070034','ROSEMARY P J','UG','B.Com Model I Finance & Taxation','2021',NULL),('210021070035','SAFNA AZEEZ','UG','B.Com Model I Finance & Taxation','2021',NULL),('210021070036','SAFNA NAVAS','UG','B.Com Model I Finance & Taxation','2021',NULL),('210021070037','SOFIYA THOMAS','UG','B.Com Model I Finance & Taxation','2021',NULL),('210021070038','SREELAKSHMI ANILKUMAR','UG','B.Com Model I Finance & Taxation','2021',NULL),('210021070039','SURAJ M S','UG','B.Com Model I Finance & Taxation','2021',NULL),('210021070040','SURYA  R  S','UG','B.Com Model I Finance & Taxation','2021',NULL),('210021070041','TESNA JOHNSON','UG','B.Com Model I Finance & Taxation','2021',NULL),('210021070042','ALEENA SEBASTIAN','UG','B.Com Model I Finance & Taxation','2021',NULL),('210021070043','ANILDA MARIYA P T','UG','B.Com Model I Finance & Taxation','2021',NULL),('210021070044','ANN BRINTA K J','UG','B.Com Model I Finance & Taxation','2021',NULL),('210021070045','ANSILA ANSAR','UG','B.Com Model I Finance & Taxation','2021',NULL),('210021070046','ANUPRIYA A B','UG','B.Com Model I Finance & Taxation','2021',NULL),('210021070047','ARCHANA R','UG','B.Com Model I Finance & Taxation','2021',NULL),('210021070048','ARDRA SUDHEER','UG','B.Com Model I Finance & Taxation','2021',NULL),('210021070049','BINILA K NANDAN','UG','B.Com Model I Finance & Taxation','2021',NULL),('210021070050','EEVLIN NELSON','UG','B.Com Model I Finance & Taxation','2021',NULL),('210021070051','FATHIMA NASRIN V U','UG','B.Com Model I Finance & Taxation','2021',NULL),('210021070052','GOURI DHARMAJAN','UG','B.Com Model I Finance & Taxation','2021',NULL),('210021070053','MANNYA SANKAR K A','UG','B.Com Model I Finance & Taxation','2021',NULL),('210021070054','NIKHITHAMOL T R','UG','B.Com Model I Finance & Taxation','2021',NULL),('210021070055','SONET JAISON','UG','B.Com Model I Finance & Taxation','2021',NULL),('210021070056','SUBHA N','UG','B.Com Model I Finance & Taxation','2021',NULL),('210021070057','VYSAKHI K B','UG','B.Com Model I Finance & Taxation','2021',NULL),('210021073248','AKHILA SHAJU','UG','B.Com Model I Computer Applications (Aided)','2021',NULL),('210021073249','ALFAS C N','UG','B.Com Model I Computer Applications (Aided)','2021',NULL),('210021073250','ANEETA BINU','UG','B.Com Model I Computer Applications (Aided)','2021',NULL),('210021073251','APARNA GIRISH','UG','B.Com Model I Computer Applications (Aided)','2021',NULL),('210021073252','APARNA SIBIN','UG','B.Com Model I Computer Applications (Aided)','2021',NULL),('210021073253','ASHWIN ANTONY','UG','B.Com Model I Computer Applications (Aided)','2021',NULL),('210021073254','ATHIRA C M','UG','B.Com Model I Computer Applications (Aided)','2021',NULL),('210021073255','BHAVYA JOSEPH','UG','B.Com Model I Computer Applications (Aided)','2021',NULL),('210021073256','CHRISTEEN GEORGE','UG','B.Com Model I Computer Applications (Aided)','2021',NULL),('210021073257','CHRISTY K S','UG','B.Com Model I Computer Applications (Aided)','2021',NULL),('210021073258','EBIN K JOSE','UG','B.Com Model I Computer Applications (Aided)','2021',NULL),('210021073259','FASNA A M','UG','B.Com Model I Computer Applications (Aided)','2021',NULL),('210021073260','FATHIMA NAZRIN K M','UG','B.Com Model I Computer Applications (Aided)','2021',NULL),('210021073261','JIYA JACOB','UG','B.Com Model I Computer Applications (Aided)','2021',NULL),('210021073262','JOYAL ANTONY K T','UG','B.Com Model I Computer Applications (Aided)','2021',NULL),('210021073263','JYOTHIKA RAVI','UG','B.Com Model I Computer Applications (Aided)','2021',NULL),('210021073264','KAMEELA RIYA','UG','B.Com Model I Computer Applications (Aided)','2021',NULL),('210021073265','MAGESH S','UG','B.Com Model I Computer Applications (Aided)','2021',NULL),('210021073266','MARY ANEETA D\'SILVA','UG','B.Com Model I Computer Applications (Aided)','2021',NULL),('210021073267','MERIN ROSE BIJOY','UG','B.Com Model I Computer Applications (Aided)','2021',NULL),('210021073268','MILCA PHILOMINA','UG','B.Com Model I Computer Applications (Aided)','2021',NULL),('210021073269','MUHAMMED FAISAL T J','UG','B.Com Model I Computer Applications (Aided)','2021',NULL),('210021073270','NANDANA SANTHOSH','UG','B.Com Model I Computer Applications (Aided)','2021',NULL),('210021073271','NITHIN ALFRED','UG','B.Com Model I Computer Applications (Aided)','2021',NULL),('210021073272','PARVATHY BABU','UG','B.Com Model I Computer Applications (Aided)','2021',NULL),('210021073273','RIYA T S ','UG','B.Com Model I Computer Applications (Aided)','2021',NULL),('210021073274','ROOPA GRACE','UG','B.Com Model I Computer Applications (Aided)','2021',NULL),('210021073275','SNEHA SUBASH','UG','B.Com Model I Computer Applications (Aided)','2021',NULL),('210021073276','SUJIMOL V S','UG','B.Com Model I Computer Applications (Aided)','2021',NULL),('210021073277','TONY SAM','UG','B.Com Model I Computer Applications (Aided)','2021',NULL),('210021073278','ABHIJITH A S','UG','Bachelor of Business Administration','2021',NULL),('210021073279','ADITHYA RAMESHKUMAR P','UG','B.Com Model I Computer Applications (Aided)','2021',NULL),('210021073280','ADITHYA SUDHEER','UG','B.Com Model I Computer Applications (Aided)','2021',NULL),('210021073281','ALEENA MARY T S','UG','B.Com Model I Computer Applications (Aided)','2021',NULL),('210021073282','ANANTHAKRISHNAN D','UG','B.Com Model I Computer Applications (Aided)','2021',NULL),('210021073283','ANNMARY JAYAN','UG','B.Com Model I Computer Applications (Aided)','2021',NULL),('210021073284','APARNA P S','UG','B.Com Model I Computer Applications (Aided)','2021',NULL),('210021073285','BITTY C J','UG','B.Com Model I Computer Applications (Aided)','2021',NULL),('210021073286','FATHIMA MEHJABEEN','UG','B.Com Model I Computer Applications (Aided)','2021',NULL),('210021073287','GOKUL KRISHNA K A','UG','B.Com Model I Computer Applications (Aided)','2021',NULL),('210021073288','GOUTHAM KRISHNA','UG','B.Com Model I Computer Applications (Aided)','2021',NULL),('210021073289','JITHU LINSON','UG','B.Com Model I Computer Applications (Aided)','2021',NULL),('210021073290','LIYA VARGHESE','UG','B.Com Model I Computer Applications (Aided)','2021',NULL),('210021073291','R RAJ PRAKASH','UG','B.Com Model I Computer Applications (Aided)','2021',NULL),('210021073292','SABARI DAS M S','UG','B.Com Model I Computer Applications (Aided)','2021',NULL),('210021073293','SIVALAKSHMI M V','UG','B.Com Model I Computer Applications (Aided)','2021',NULL),('210021073294','STANIYA CYRIL','UG','B.Com Model I Computer Applications (Aided)','2021',NULL),('210021073295','SURYA PRADEEP','UG','B.Com Model I Computer Applications (Aided)','2021',NULL),('210021073296','THARA ELIZABETH','UG','B.Com Model I Computer Applications (Aided)','2021',NULL),('210021073297','JOHN VINCENT P S','UG','B.Com Model I Computer Applications (Aided)','2021',NULL),('210021073298','P SHREEVARDHAN','UG','B.Com Model I Computer Applications (Aided)','2021',NULL),('210021080295','A R SALMAN FARIZ','UG','Bachelor of Business Administration','2021',NULL),('210021080296','AAKHIF NIZAM','UG','Bachelor of Business Administration','2021',NULL),('210021080298','ABHIJITH V','UG','Bachelor of Business Administration','2021',NULL),('210021080299','ABHIRAM JOSHY','UG','Bachelor of Business Administration','2021',NULL),('210021080300','ADVAITH SAJITH','UG','Bachelor of Business Administration','2021',NULL),('210021080301','AJITH JOBY','UG','Bachelor of Business Administration','2021',NULL),('210021080302','AKASH M K','UG','Bachelor of Business Administration','2021',NULL),('210021080303','AKHILA MOL N L','UG','Bachelor of Business Administration','2021',NULL),('210021080304','AKSHAYA S','UG','Bachelor of Business Administration','2021',NULL),('210021080305','ALAN ANTONY','UG','Bachelor of Business Administration','2021',NULL),('210021080306','AMAL P S','UG','Bachelor of Business Administration','2021',NULL),('210021080307','ANN MARY THOMAS','UG','Bachelor of Business Administration','2021',NULL),('210021080308','ANOOJA MARIA SABU','UG','Bachelor of Business Administration','2021',NULL),('210021080309','ANTONY SARIN JOSEPH','UG','Bachelor of Business Administration','2021',NULL),('210021080310','ASWATHY K V','UG','Bachelor of Business Administration','2021',NULL),('210021080311','AYANA DEVADAS','UG','Bachelor of Business Administration','2021',NULL),('210021080312','B JOYAL','UG','Bachelor of Business Administration','2021',NULL),('210021080313','BHAVANA N S','UG','Bachelor of Business Administration','2021',NULL),('210021080314','CHRIS FEAON DCRUZ','UG','Bachelor of Business Administration','2021',NULL),('210021080315','CLARE MARIA SEBASTIAN','UG','Bachelor of Business Administration','2021',NULL),('210021080316','DHIYA RENFIN','UG','Bachelor of Business Administration','2021',NULL),('210021080317','DON DAVIS','UG','Bachelor of Business Administration','2021',NULL),('210021080318','ENOSH APPREAN','UG','Bachelor of Business Administration','2021',NULL),('210021080319','FAAIQ F ISMAIL','UG','Bachelor of Business Administration','2021',NULL),('210021080320','FABIYA K M','UG','Bachelor of Business Administration','2021',NULL),('210021080321','FATHIMA P N','UG','Bachelor of Business Administration','2021',NULL),('210021080322','HASHIR P S','UG','Bachelor of Business Administration','2021',NULL),('210021080323','JOHN EMMANUAL PAPPALI','UG','Bachelor of Business Administration','2021',NULL),('210021080324','KRIS JOSEPH','UG','Bachelor of Business Administration','2021',NULL),('210021080325','KRISHNADEV K B','UG','Bachelor of Business Administration','2021',NULL),('210021080326','LAYANA K B','UG','Bachelor of Business Administration','2021',NULL),('210021080327','LOIS JOHN C','UG','Bachelor of Business Administration','2021',NULL),('210021080328','MANUKRISHNAN N','UG','Bachelor of Business Administration','2021',NULL),('210021080329','MARIA SHAJU','UG','Bachelor of Business Administration','2021',NULL),('210021080330','MOHAMMED FARDHEEN SULFIKAR','UG','Bachelor of Business Administration','2021',NULL),('210021080331','MOHAMMED NAHAS E M','UG','Bachelor of Business Administration','2021',NULL),('210021080332','MUHAMMED RIZWAN YOUSAF','UG','Bachelor of Business Administration','2021',NULL),('210021080333','MUHAMMED SAABITH P N','UG','Bachelor of Business Administration','2021',NULL),('210021080334','NIKHIL GEORGE','UG','Bachelor of Business Administration','2021',NULL),('210021080335','PRANAV BENNY','UG','Bachelor of Business Administration','2021',NULL),('210021080336','REMYA M','UG','Bachelor of Business Administration','2021',NULL),('210021080337','RISALDAR C R','UG','Bachelor of Business Administration','2021',NULL),('210021080338','RITHIKA G KANNAN','UG','Bachelor of Business Administration','2021',NULL),('210021080339','SAIRA SAMEER','UG','Bachelor of Business Administration','2021',NULL),('210021080340','SALMON T M ','UG','Bachelor of Business Administration','2021',NULL),('210021080341','SANGEETH GEORGE K V','UG','Bachelor of Business Administration','2021',NULL),('210021080342','SHILPA M S','UG','Bachelor of Business Administration','2021',NULL),('210021080343','THEJAS LAL','UG','Bachelor of Business Administration','2021',NULL),('210021080344','TINU THADEVOOS','UG','Bachelor of Business Administration','2021',NULL),('210021080345','VITHIN C V','UG','Bachelor of Business Administration','2021',NULL),('210041000359','ABHIJITH A NAIR','UG','B.Voc. Logistic Management','2021',NULL),('210041000360','ABHINAV SHINE','UG','B.Voc. Logistic Management','2021',NULL),('210041000361','ABHIRAJ P R','UG','B.Voc. Logistic Management','2021',NULL),('210041000362','ADARSH PAUL','UG','B.Voc. Logistic Management','2021',NULL),('210041000363','ADITHYA RAM V J','UG','B.Voc. Logistic Management','2021',NULL),('210041000364','AHARON K C','UG','B.Voc. Logistic Management','2021',NULL),('210041000365','AJEESH','UG','B.Voc. Logistic Management','2021',NULL),('210041000366','AKSHAY BAIJU','UG','B.Voc. Logistic Management','2021',NULL),('210041000367','AL HAD HUSSAIN','UG','B.Voc. Logistic Management','2021',NULL),('210041000368','ALBIN DAVID','UG','B.Voc. Logistic Management','2021',NULL),('210041000369','ALBIN XAVIER','UG','B.Voc. Logistic Management','2021',NULL),('210041000370','ALDONE JOSE','UG','B.Voc. Logistic Management','2021',NULL),('210041000371','ALEXANDER JOJU','UG','B.Voc. Logistic Management','2021',NULL),('210041000372','ALPHIN JOSEPH P','UG','B.Voc. Logistic Management','2021',NULL),('210041000373','ALTHAF RAFEEK','UG','B.Voc. Logistic Management','2021',NULL),('210041000374','ALVIN THOMAS T J','UG','B.Voc. Logistic Management','2021',NULL),('210041000375','AMAL KRISHNA N J ','UG','B.Voc. Logistic Management','2021',NULL),('210041000376','AMAL SHAJAN','UG','B.Voc. Logistic Management','2021',NULL),('210041000377','ANSON VARGHESE P S','UG','B.Voc. Logistic Management','2021',NULL),('210041000378','ANTONY LIJO N A','UG','B.Voc. Logistic Management','2021',NULL),('210041000379','ANTONY VARGHESE','UG','B.Voc. Logistic Management','2021',NULL),('210041000380','ANUJITH S','UG','B.Voc. Logistic Management','2021',NULL),('210041000381','ARAVIND T S','UG','B.Voc. Logistic Management','2021',NULL),('210041000382','ARSHAD KABEER','UG','B.Voc. Logistic Management','2021',NULL),('210041000383','ARUN OMANAKUTTAN','UG','B.Voc. Logistic Management','2021',NULL),('210041000384','AVANEENDHRAN V','UG','B.Voc. Logistic Management','2021',NULL),('210041000385','AVINASH KUMAR A P','UG','B.Voc. Logistic Management','2021',NULL),('210041000386','BIJAI BATIN','UG','B.Voc. Logistic Management','2021',NULL),('210041000387','CHRIS LLOYD PHILIP','UG','B.Voc. Logistic Management','2021',NULL),('210041000388','DIFIYON ANTONY','UG','B.Voc. Logistic Management','2021',NULL),('210041000389','DONNA KALLARACKAL','UG','B.Voc. Logistic Management','2021',NULL),('210041000390','GAUTHAM SHAJI','UG','B.Voc. Logistic Management','2021',NULL),('210041000391','JEFFREY JAMES','UG','B.Voc. Logistic Management','2021',NULL),('210041000392','JEFRY GEORGE','UG','B.Voc. Logistic Management','2021',NULL),('210041000393','JENNIFER SOZA','UG','B.Voc. Logistic Management','2021',NULL),('210041000394','JESNA MARIA M A','UG','B.Voc. Logistic Management','2021',NULL),('210041000395','JOSEPH ALISTER','UG','B.Voc. Logistic Management','2021',NULL),('210041000396','JOY JOSE PAYAPPILLY','UG','B.Voc. Logistic Management','2021',NULL),('210041000397','JOYAL JOBY','UG','B.Voc. Logistic Management','2021',NULL),('210041000398','JUDE TOLAMIN VINCENT','UG','B.Voc. Logistic Management','2021',NULL),('210041000399','KARTHIK MENON R','UG','B.Voc. Logistic Management','2021',NULL),('210041000400','KELVIN N S','UG','B.Voc. Logistic Management','2021',NULL),('210041000401','LEEVON JOSEPH','UG','B.Voc. Logistic Management','2021',NULL),('210041000402','M ATHUL KRISHNA','UG','B.Voc. Logistic Management','2021',NULL),('210041000403','MANGAL SURENDRAN','UG','B.Voc. Logistic Management','2021',NULL),('210041000404','MARY ASHNA K F','UG','B.Voc. Logistic Management','2021',NULL),('210041000405','MEERA J S','UG','B.Voc. Logistic Management','2021',NULL),('210041000406','MIDHUN SAJEEV','UG','B.Voc. Logistic Management','2021',NULL),('210041000407','MUHAMMED SHAFI K J','UG','B.Voc. Logistic Management','2021',NULL),('210041000408','NIBIN BAINS','UG','B.Voc. Logistic Management','2021',NULL),('210041000409','NIYA RAJESH','UG','B.Voc. Logistic Management','2021',NULL),('210041000410','RAHUL BABU','UG','B.Voc. Logistic Management','2021',NULL),('210041000411','REMIN K S','UG','B.Voc. Logistic Management','2021',NULL),('210041000412','RONALD SIJI','UG','B.Voc. Logistic Management','2021',NULL),('210041000413','SANJAY YESUDASAN','UG','B.Voc. Logistic Management','2021',NULL),('210041000414','SANJEEV SATHEESAN','UG','B.Voc. Logistic Management','2021',NULL),('210041000415','SANTO BENNY','UG','B.Voc. Logistic Management','2021',NULL),('210041000416','STEVE BENNY','UG','B.Voc. Logistic Management','2021',NULL),('210041000417','SURYAKIRAN M SHAJI','UG','B.Voc. Logistic Management','2021',NULL),('210041000418','V MADHAV','UG','B.Voc. Logistic Management','2021',NULL),('210041000419','VARUN SAJEEV','UG','B.Voc. Logistic Management','2021',NULL),('210041000420','VARUN T S','UG','B.Voc. Logistic Management','2021',NULL),('210041000959','AADIL LATHEEF','UG','B.Voc Broadcasting and Journalism','2021',NULL),('210041000960','ABDUS SAMAD J M S','UG','B.Voc Broadcasting and Journalism','2021',NULL),('210041000961','ABHISHEK C BIJU','UG','B.Voc Broadcasting and Journalism','2021',NULL),('210041000962','ADITHYA SIBAL','UG','B.Voc Broadcasting and Journalism','2021',NULL),('210041000963','ADVIN PODUTHAS','UG','B.Voc Broadcasting and Journalism','2021',NULL),('210041000964','AJUMAL T S','UG','B.Voc Broadcasting and Journalism','2021',NULL),('210041000965','ALEENA MARIYAM V C','UG','B.Voc Broadcasting and Journalism','2021',NULL),('210041000966','AMY SHIANA','UG','B.Voc Broadcasting and Journalism','2021',NULL),('210041000967','ANAGHESH E K','UG','B.Voc Broadcasting and Journalism','2021',NULL),('210041000968','ANSILA P P','UG','B.Voc Broadcasting and Journalism','2021',NULL),('210041000969','ANTONY ANOOP','UG','B.Voc Broadcasting and Journalism','2021',NULL),('210041000970','ARCHANA N V','UG','B.Voc Broadcasting and Journalism','2021',NULL),('210041000971','ARYANANDA RAJESHKUMAR','UG','B.Voc Broadcasting and Journalism','2021',NULL),('210041000972','ASWIN A M ','UG','B.Voc Broadcasting and Journalism','2021',NULL),('210041000974','CHINMAYI MADHUSOODANAN','UG','B.Voc Broadcasting and Journalism','2021',NULL),('210041000975','DANIAL THOMAS T S','UG','B.Voc Broadcasting and Journalism','2021',NULL),('210041000976','DEVASSY ANTONY TONY','UG','B.Voc Broadcasting and Journalism','2021',NULL),('210041000977','DON RIMAL BOSCO C','UG','B.Voc Broadcasting and Journalism','2021',NULL),('210041000978','ELBIN PODUTHAS','UG','B.Voc Broadcasting and Journalism','2021',NULL),('210041000979','FIDHA FATHIMA','UG','B.Voc Broadcasting and Journalism','2021',NULL),('210041000980','GOVIND BHASKAR','UG','B.Voc Broadcasting and Journalism','2021',NULL),('210041000981','JAYASURYA JAYACHANDRAN','UG','B.Voc Broadcasting and Journalism','2021',NULL),('210041000982','JENI BIJU','UG','B.Voc Broadcasting and Journalism','2021',NULL),('210041000983','JENIFER M R','UG','B.Voc Broadcasting and Journalism','2021',NULL),('210041000984','JOE MARTIN','UG','B.Voc Broadcasting and Journalism','2021',NULL),('210041000985','JOEL BIJU','UG','B.Voc Broadcasting and Journalism','2021',NULL),('210041000986','JOYAL JOSE','UG','B.Voc Broadcasting and Journalism','2021',NULL),('210041000987','KARISHMA M MANOJ','UG','B.Voc Broadcasting and Journalism','2021',NULL),('210041000988','KIRAN ANIL','UG','B.Voc Broadcasting and Journalism','2021',NULL),('210041000989','MIRSHAD MURADH','UG','B.Voc Broadcasting and Journalism','2021',NULL),('210041000990','MUHAMMAD AFTHAB','UG','B.Voc Broadcasting and Journalism','2021',NULL),('210041000991','MUHAMMAD ALTHAF','UG','B.Voc Broadcasting and Journalism','2021',NULL),('210041000992','NIVITHAMOL V V','UG','B.Voc Broadcasting and Journalism','2021',NULL),('210041000994','PREMEESHA PARVATHY M P','UG','B.Voc Broadcasting and Journalism','2021',NULL),('210041000995','SAYAN SOORAJ','UG','B.Voc Broadcasting and Journalism','2021',NULL),('210041000996','SHAJAHAN N J','UG','B.Voc Broadcasting and Journalism','2021',NULL),('210041000998','YADHUKRISHNAN K S','UG','B.Voc Broadcasting and Journalism','2021',NULL),('210041001885','AARON MARTIN','UG','B.Voc Banking and Financial Services','2021',NULL),('210041001886','ABHIJITH SUNIL','UG','B.Voc Banking and Financial Services','2021',NULL),('210041001887','ABHIRAM G','UG','B.Voc Banking and Financial Services','2021',NULL),('210041001888','ABHIRAM K R','UG','B.Voc Banking and Financial Services','2021',NULL),('210041001889','ABINAYANA C B','UG','B.Voc Banking and Financial Services','2021',NULL),('210041001890','ADITH REMESH','UG','B.Voc Banking and Financial Services','2021',NULL),('210041001891','ADITHYAN A S','UG','B.Voc Banking and Financial Services','2021',NULL),('210041001892','AISWARYA GOVINDAN','UG','B.Voc Banking and Financial Services','2021',NULL),('210041001893','AJIN SHAJAN','UG','B.Voc Banking and Financial Services','2021',NULL),('210041001894','AJITH V G','UG','B.Voc Banking and Financial Services','2021',NULL),('210041001895','ALEESHA SHIBU','UG','B.Voc Banking and Financial Services','2021',NULL),('210041001896','ALEN JOSEPH','UG','B.Voc Banking and Financial Services','2021',NULL),('210041001897','AMALU BALACHANDRAN','UG','B.Voc Banking and Financial Services','2021',NULL),('210041001898','ANAKGHA AJI ANTHIKKAD','UG','B.Voc Banking and Financial Services','2021',NULL),('210041001899','ANASOOYA S KUMAR','UG','B.Voc Banking and Financial Services','2021',NULL),('210041001900','ANJANA RAJEEV','UG','B.Voc Banking and Financial Services','2021',NULL),('210041001901','ANTONY ASHLIN M A','UG','B.Voc Banking and Financial Services','2021',NULL),('210041001902','ANUPRIYA THAMBI','UG','B.Voc Banking and Financial Services','2021',NULL),('210041001903','ARDRA ANTONY','UG','B.Voc Banking and Financial Services','2021',NULL),('210041001904','ARJUN ASHOKAN','UG','B.Voc Banking and Financial Services','2021',NULL),('210041001905','ARJUN M R','UG','B.Voc Banking and Financial Services','2021',NULL),('210041001906','ARUN ANI','UG','B.Voc Banking and Financial Services','2021',NULL),('210041001907','ARYA RAMESH','UG','B.Voc Banking and Financial Services','2021',NULL),('210041001908','ASHILIN BAISEL','UG','B.Voc Banking and Financial Services','2021',NULL),('210041001909','ASWATHY N G','UG','B.Voc Banking and Financial Services','2021',NULL),('210041001910','BINITHA TREESA','UG','B.Voc Banking and Financial Services','2021',NULL),('210041001911','CAINS SIMON PINHERO','UG','B.Voc Banking and Financial Services','2021',NULL),('210041001912','CHRIS JESUS JOSEPH','UG','B.Voc Banking and Financial Services','2021',NULL),('210041001913','DALFIN T V','UG','B.Voc Banking and Financial Services','2021',NULL),('210041001914','DARSANA SANTHOSH','UG','B.Voc Banking and Financial Services','2021',NULL),('210041001915','DAYANA ANJAL','UG','B.Voc Banking and Financial Services','2021',NULL),('210041001916','DEON ANTONY','UG','B.Voc Banking and Financial Services','2021',NULL),('210041001917','DIGINA JOSE','UG','B.Voc Banking and Financial Services','2021',NULL),('210041001918','FARSANA RAZACK','UG','B.Voc Banking and Financial Services','2021',NULL),('210041001919','FARSIN AHAMMED','UG','B.Voc Banking and Financial Services','2021',NULL),('210041001920','FATHIMA SHAJI','UG','B.Voc Banking and Financial Services','2021',NULL),('210041001921','GOPIKA KRISHNAN','UG','B.Voc Banking and Financial Services','2021',NULL),('210041001922','GOWTHAM SURESH','UG','B.Voc Banking and Financial Services','2021',NULL),('210041001923','JISNA JAMES','UG','B.Voc Banking and Financial Services','2021',NULL),('210041001924','JOBY JOSEPH','UG','B.Voc Banking and Financial Services','2021',NULL),('210041001925','JOSNA JOMON','UG','B.Voc Banking and Financial Services','2021',NULL),('210041001926','MANU RAPHEAL K S','UG','B.Voc Banking and Financial Services','2021',NULL),('210041001927','MERIN MARY','UG','B.Voc Banking and Financial Services','2021',NULL),('210041001928','MOHAMMED ARABAZ','UG','B.Voc Banking and Financial Services','2021',NULL),('210041001929','MOHAMMED NOUFAL K A','UG','B.Voc Banking and Financial Services','2021',NULL),('210041001930','MOHAMMED YASIR','UG','B.Voc Banking and Financial Services','2021',NULL),('210041001931','MUHAMMED FAISAL','UG','B.Voc Banking and Financial Services','2021',NULL),('210041001932','MUHAMMED NAZIL E R','UG','B.Voc Banking and Financial Services','2021',NULL),('210041001933','MUSAINA MOHAMMED H S','UG','B.Voc Banking and Financial Services','2021',NULL),('210041001934','NANDAGOPAN U','UG','B.Voc Banking and Financial Services','2021',NULL),('210041001935','NANDULAL K M','UG','B.Voc Banking and Financial Services','2021',NULL),('210041001936','NIBIN BIJU','UG','B.Voc Banking and Financial Services','2021',NULL),('210041001937','NIYA BABY','UG','B.Voc Banking and Financial Services','2021',NULL),('210041001938','ROHITH S','UG','B.Voc Banking and Financial Services','2021',NULL),('210041001939','SAGAR C R','UG','B.Voc Banking and Financial Services','2021',NULL),('210041001940','SANIYA SHARFUDEEN','UG','B.Voc Banking and Financial Services','2021',NULL),('210041001941','SHERIN JOHN','UG','B.Voc Banking and Financial Services','2021',NULL),('210041001942','SHONE SABU','UG','B.Voc Banking and Financial Services','2021',NULL),('210041001943','SONA SAJU','UG','B.Voc Banking and Financial Services','2021',NULL),('210041001944','STEBIN STANLY','UG','B.Voc Banking and Financial Services','2021',NULL),('210041001945','THEOPHANE YESUDAS','UG','B.Voc Banking and Financial Services','2021',NULL),('210041001946','THRESSIA RIYA ROY V J','UG','B.Voc Banking and Financial Services','2021',NULL),('210041001947','VINEESH M','UG','B.Voc Banking and Financial Services','2021',NULL),('210041001948','VISWANATH S','UG','B.Voc Banking and Financial Services','2021',NULL),('210041001949','ZOVAR A R ','UG','B.Voc Banking and Financial Services','2021',NULL),('210041002067','A A SHUHAIB AKTHAR','UG','B.Voc Tourism and Hospitality Management','2021',NULL),('210041002068','ABHINAV M S','UG','B.Voc Tourism and Hospitality Management','2021',NULL),('210041002069','ABHINAV P B','UG','B.Voc Tourism and Hospitality Management','2021',NULL),('210041002070','ABHIRAMI A MENON','UG','B.Voc Tourism and Hospitality Management','2021',NULL),('210041002071','ABID C A','UG','B.Voc Tourism and Hospitality Management','2021',NULL),('210041002072','ADARSH A S','UG','B.Voc Tourism and Hospitality Management','2021',NULL),('210041002073','ADIL MUHAMMED','UG','B.Voc Tourism and Hospitality Management','2021',NULL),('210041002074','ADITHYAN SUNILKUMAR','UG','B.Voc Tourism and Hospitality Management','2021',NULL),('210041002075','AJIL GABRIAL','UG','B.Voc Tourism and Hospitality Management','2021',NULL),('210041002076','AKSA VARGHESE','UG','B.Voc Tourism and Hospitality Management','2021',NULL),('210041002077','ALAN ROY','UG','B.Voc Tourism and Hospitality Management','2021',NULL),('210041002078','ALEENA P M','UG','B.Voc Tourism and Hospitality Management','2021',NULL),('210041002079','AMAL C JOHN','UG','B.Voc Tourism and Hospitality Management','2021',NULL),('210041002080','AMAL LOHI','UG','B.Voc Tourism and Hospitality Management','2021',NULL),('210041002081','AMEER A S','UG','B.Voc Tourism and Hospitality Management','2021',NULL),('210041002082','AN MARIA LOPEZ','UG','B.Voc Tourism and Hospitality Management','2021',NULL),('210041002083','ARSHAD K M','UG','B.Voc Tourism and Hospitality Management','2021',NULL),('210041002084','ASHIK ALI M A','UG','B.Voc Tourism and Hospitality Management','2021',NULL),('210041002085','ASHISH JOSHY','UG','B.Voc Tourism and Hospitality Management','2021',NULL),('210041002086','ASWIN K S','UG','B.Voc Tourism and Hospitality Management','2021',NULL),('210041002087','ASWIN K V','UG','B.Voc Tourism and Hospitality Management','2021',NULL),('210041002089','ATHUL KRISHNA C K','UG','B.Voc Tourism and Hospitality Management','2021',NULL),('210041002090','ATHUL RAJEEV','UG','B.Voc Tourism and Hospitality Management','2021',NULL),('210041002091','BASIL ELDHO','UG','B.Voc Tourism and Hospitality Management','2021',NULL),('210041002092','CINDRELLA REETA P M','UG','B.Voc Tourism and Hospitality Management','2021',NULL),('210041002093','DEVAPRASAD S D','UG','B.Voc Tourism and Hospitality Management','2021',NULL),('210041002094','EBIN MATHEW','UG','B.Voc Tourism and Hospitality Management','2021',NULL),('210041002095','FATHIMA ASNA M M','UG','B.Voc Tourism and Hospitality Management','2021',NULL),('210041002096','G POORNENDU','UG','B.Voc Tourism and Hospitality Management','2021',NULL),('210041002097','GLADSON PERERA','UG','B.Voc Tourism and Hospitality Management','2021',NULL),('210041002098','HANSA R','UG','B.Voc Tourism and Hospitality Management','2021',NULL),('210041002099','HARITH V KRISHNAN','UG','B.Voc Tourism and Hospitality Management','2021',NULL),('210041002100','HASHIM V M','UG','B.Voc Tourism and Hospitality Management','2021',NULL),('210041002101','IJAS K','UG','B.Voc Tourism and Hospitality Management','2021',NULL),('210041002102','JACKSON JOSE','UG','B.Voc Tourism and Hospitality Management','2021',NULL),('210041002103','JAGAN JOSE','UG','B.Voc Tourism and Hospitality Management','2021',NULL),('210041002104','LAKSHMI BHADRA','UG','B.Voc Tourism and Hospitality Management','2021',NULL),('210041002105','MARK RICHARD','UG','B.Voc Tourism and Hospitality Management','2021',NULL),('210041002106','MIDHUN C L','UG','B.Voc Tourism and Hospitality Management','2021',NULL),('210041002107','MINSHA MARTIN','UG','B.Voc Tourism and Hospitality Management','2021',NULL),('210041002108','MOHAMMED FAHEEM ALI C C','UG','B.Voc Tourism and Hospitality Management','2021',NULL),('210041002109','MOHAMMED FASAL A S','UG','B.Voc Tourism and Hospitality Management','2021',NULL),('210041002110','MOHAMMED IKHLAS B','UG','B.Voc Tourism and Hospitality Management','2021',NULL),('210041002111','MUHAMMED AMEEN NOUSHAD','UG','B.Voc Tourism and Hospitality Management','2021',NULL),('210041002112','MUHAMMED JAWHAR','UG','B.Voc Tourism and Hospitality Management','2021',NULL),('210041002114','MUHAMMED SWALIH P K','UG','B.Voc Tourism and Hospitality Management','2021',NULL),('210041002115','MUSAMMIL O M','UG','B.Voc Tourism and Hospitality Management','2021',NULL),('210041002116','NABEEL K N','UG','B.Voc Tourism and Hospitality Management','2021',NULL),('210041002117','NAZR ASHARAF','UG','B.Voc Tourism and Hospitality Management','2021',NULL),('210041002118','NISHAD NAZAR P N','UG','B.Voc Tourism and Hospitality Management','2021',NULL),('210041002119','P S VIJAY','UG','B.Voc Tourism and Hospitality Management','2021',NULL),('210041002120','PAUL JOSEPH DENIL LOUIS','UG','B.Voc Tourism and Hospitality Management','2021',NULL),('210041002121','RONEY JOSEPH M A','UG','B.Voc Tourism and Hospitality Management','2021',NULL),('210041002122','ROOPA K R','UG','B.Voc Tourism and Hospitality Management','2021',NULL),('210041002123','SAHAL K U','UG','B.Voc Tourism and Hospitality Management','2021',NULL),('210041002124','SINOY PRADEEP','UG','B.Voc Tourism and Hospitality Management','2021',NULL),('210041002125','SREEPADMANABHAN P U ','UG','B.Voc Tourism and Hospitality Management','2021',NULL),('210041002126','SRUTHY R','UG','B.Voc Tourism and Hospitality Management','2021',NULL),('210041002128','VYSHNAV V M','UG','B.Voc Tourism and Hospitality Management','2021',NULL),('220021001156','AAMIYA SUNIL','UG','B.A English Language and Literature Model I','2022',NULL),('220021001157','ADITHYA B','UG','B.A English Language and Literature Model I','2022',NULL),('220021001158','AFREEDA KAMBURUGE BIDHARUGE','UG','B.A English Language and Literature Model I','2022',NULL),('220021001159','AISWARYA VALSAN','UG','B.A English Language and Literature Model I','2022',NULL),('220021001160','AKSHAY BABU','UG','B.A English Language and Literature Model I','2022',NULL),('220021001161','AKSHAY V','UG','B.A English Language and Literature Model I','2022',NULL),('220021001162','ALDRIN JOSEPH SAJEEV','UG','B.A English Language and Literature Model I','2022',NULL),('220021001163','ALISHA SHAJAHAN','UG','B.A English Language and Literature Model I','2022',NULL),('220021001164','ANEARSHA S','UG','B.A English Language and Literature Model I','2022',NULL),('220021001165','ANN MARY P S','UG','B.A English Language and Literature Model I','2022',NULL),('220021001166','ANTON EDELSTEIN','UG','B.A English Language and Literature Model I','2022',NULL),('220021001167','ANUVINTHA T S','UG','B.A English Language and Literature Model I','2022',NULL),('220021001168','APARNA PAVITHRAN','UG','B.A English Language and Literature Model I','2022',NULL),('220021001169','ASHWIN VARGHEES','UG','B.A English Language and Literature Model I','2022',NULL),('220021001170','AYNA C H','UG','B.A English Language and Literature Model I','2022',NULL),('220021001171','DEVIKA K S','UG','Bachelor of Business Administration','2022',NULL),('220021001174','FATHIMA NOURIN M M','UG','B.A English Language and Literature Model I','2022',NULL),('220021001175','FATHMA ABDUL RASHEED MOHAMMED','UG','B.A English Language and Literature Model I','2022',NULL),('220021001177','GOUTHAM V NAIR','UG','B.A English Language and Literature Model I','2022',NULL),('220021001178','JOHN PAUL','UG','B.A English Language and Literature Model I','2022',NULL),('220021001179','JOSE ANTONY LIVIN','UG','B.A English Language and Literature Model I','2022',NULL),('220021001180','LAYA JOSE','UG','B.A English Language and Literature Model I','2022',NULL),('220021001181','M ASWATHY UNNIKRISHNAN','UG','B.A English Language and Literature Model I','2022',NULL),('220021001182','MAHADEV G S','UG','B.A English Language and Literature Model I','2022',NULL),('220021001183','MARFIN T R','UG','B.A English Language and Literature Model I','2022',NULL),('220021001184','MEENAKSHI E D','UG','B.A English Language and Literature Model I','2022',NULL),('220021001185','MITHRA SANTHOSH','UG','B.A English Language and Literature Model I','2022',NULL),('220021001186','NAVIN K DAMIEN','UG','B.A English Language and Literature Model I','2022',NULL),('220021001187','NAZNIN RAJEEV','UG','B.A English Language and Literature Model I','2022',NULL),('220021001188','NEHA MARIA SAJAN','UG','B.A English Language and Literature Model I','2022',NULL),('220021001189','NOURIN RASHEED','UG','B.A English Language and Literature Model I','2022',NULL),('220021001190','PARVATHY SAJEEVAN','UG','B.A English Language and Literature Model I','2022',NULL),('220021001192','SANIYA K S','UG','B.A English Language and Literature Model I','2022',NULL),('220021001193','SANJAI KRISHNA','UG','B.A English Language and Literature Model I','2022',NULL),('220021001194','SANTA NELSON','UG','B.A English Language and Literature Model I','2022',NULL),('220021001195','SHALBIN SHIBU','UG','B.A English Language and Literature Model I','2022',NULL),('220021001196','SIVANI P B','UG','B.A English Language and Literature Model I','2022',NULL),('220021001197','SONU ANTONY P O','UG','B.A English Language and Literature Model I','2022',NULL),('220021001198','SREELAKSHMI C J','UG','B.A English Language and Literature Model I','2022',NULL),('220021001199','STEFNA STELLA JOHNY','UG','B.A English Language and Literature Model I','2022',NULL),('220021001200','SURYANARAYANAN K S','UG','B.A English Language and Literature Model I','2022',NULL),('220021001201','TESSY PRINCE','UG','B.A English Language and Literature Model I','2022',NULL),('220021001202','V BHUVANESHWARI','UG','B.A English Language and Literature Model I','2022',NULL),('220021004814','AABEL SERAPHIN BAIJU','UG','B.A English Language and Literature Model II Teaching','2022',NULL),('220021004815','ABHILASH E S','UG','B.A English Language and Literature Model II Teaching','2022',NULL),('220021004816','ADITHYA O','UG','B.A English Language and Literature Model II Teaching','2022',NULL),('220021004817','AESLYN SAJU','UG','B.A English Language and Literature Model II Teaching','2022',NULL),('220021004818','AKHIL P K','UG','B.A English Language and Literature Model II Teaching','2022',NULL),('220021004819','AKHILA BENNY','UG','B.A English Language and Literature Model II Teaching','2022',NULL),('220021004820','ALEENA BENILD','UG','B.A English Language and Literature Model II Teaching','2022',NULL),('220021004821','ANGEL V V','UG','B.A English Language and Literature Model II Teaching','2022',NULL),('220021004822','ANN MARIA SUNNY','UG','B.A English Language and Literature Model II Teaching','2022',NULL),('220021004823','ANN MARIYA M R','UG','B.A English Language and Literature Model II Teaching','2022',NULL),('220021004824','ANTONY GEORGE JUDES M','UG','B.A English Language and Literature Model II Teaching','2022',NULL),('220021004825','ATHENA MUTHAR','UG','B.A English Language and Literature Model II Teaching','2022',NULL),('220021004826','BEN JOVAKIM CORREYA','UG','B.A English Language and Literature Model II Teaching','2022',NULL),('220021004827','FAHIM RISHAD K','UG','B.A English Language and Literature Model II Teaching','2022',NULL),('220021004828','HABNA V H','UG','B.A English Language and Literature Model II Teaching','2022',NULL),('220021004829','HELNA ANTONY','UG','B.A English Language and Literature Model II Teaching','2022',NULL),('220021004830','JOJO SEBASTIAN A','UG','B.A English Language and Literature Model II Teaching','2022',NULL),('220021004831','LABUTHA N A','UG','B.A English Language and Literature Model II Teaching','2022',NULL),('220021004832','MARIYA ROSE K','UG','B.A English Language and Literature Model II Teaching','2022',NULL),('220021004833','NAVINA MARTIN','UG','B.A English Language and Literature Model II Teaching','2022',NULL),('220021004834','NAZRIN SAHEER','UG','B.A English Language and Literature Model II Teaching','2022',NULL),('220021004836','RANAH V USMAN','UG','B.A English Language and Literature Model II Teaching','2022',NULL),('220021004838','RONALDO DOMINIC','UG','B.A English Language and Literature Model II Teaching','2022',NULL),('220021004839','SAAFIRA V S','UG','B.A English Language and Literature Model II Teaching','2022',NULL),('220021004840','SHREYA SATHYAN','UG','B.A English Language and Literature Model II Teaching','2022',NULL),('220021004841','SONA TREESA JOBY','UG','B.A English Language and Literature Model II Teaching','2022',NULL),('220021004842','SWAROOP SUNIL','UG','B.A English Language and Literature Model II Teaching','2022',NULL),('220021004843','VISHNU V P','UG','B.A English Language and Literature Model II Teaching','2022',NULL),('220021004844','ZEN P J','UG','B.A English Language and Literature Model II Teaching','2022',NULL),('220021011492','ABHIJITH A R','UG','B.A Economics Model I','2022',NULL),('220021011493','ABIN ANTONY','UG','B.A Economics Model I','2022',NULL),('220021011494','ADEEP MOHAMMED S','UG','B.A Economics Model I','2022',NULL),('220021011495','AFNA MIRSA','UG','B.A Economics Model I','2022',NULL),('220021011496','AISWARYA LAKSHMI S','UG','B.A Economics Model I','2022',NULL),('220021011497','AKASH N R','UG','B.A Economics Model I','2022',NULL),('220021011498','AKHILESH SHYJU','UG','B.A Economics Model I','2022',NULL),('220021011499','AKIN NORMAN','UG','B.A Economics Model I','2022',NULL),('220021011500','AKSHAY P ANOOB','UG','B.A Economics Model I','2022',NULL),('220021011501','ALEESHA BIJU','UG','B.A Economics Model I','2022',NULL),('220021011502','ALFIYA T A','UG','B.A Economics Model I','2022',NULL),('220021011503','ALVINA MARY N S','UG','B.A Economics Model I','2022',NULL),('220021011504','AMAL DEV C C','UG','B.A Economics Model I','2022',NULL),('220021011505','ANEETA SAJI','UG','B.A Economics Model I','2022',NULL),('220021011507','ANN MARIA','UG','B.A Economics Model I','2022',NULL),('220021011508','ANTO SAMUEL P J','UG','B.A Economics Model I','2022',NULL),('220021011509','ANTONY MILAN SEBASTIAN','UG','B.A Economics Model I','2022',NULL),('220021011510','ARJUN AJITH K A','UG','B.A Economics Model I','2022',NULL),('220021011511','ATHUL GHOSH K A','UG','B.A Economics Model I','2022',NULL),('220021011512','ATHUL SEBASTIAN','UG','B.A Economics Model I','2022',NULL),('220021011513','AYSHABI M R','UG','B.A Economics Model I','2022',NULL),('220021011514','AYSHATH MISIRIYA N A','UG','B.A Economics Model I','2022',NULL),('220021011515','DEVKRISHNA R','UG','B.A Economics Model I','2022',NULL),('220021011516','DHARSHANA K V','UG','B.A Economics Model I','2022',NULL),('220021011517','DONALD DENNY GEORGE','UG','B.A Economics Model I','2022',NULL),('220021011518','ELVIN K GEORGE','UG','B.A Economics Model I','2022',NULL),('220021011519','FARISHA K S','UG','B.A Economics Model I','2022',NULL),('220021011520','FRANCIS JOSEPH ANTONY','UG','B.A Economics Model I','2022',NULL),('220021011521','HEPHZIBAH C R','UG','B.A Economics Model I','2022',NULL),('220021011522','JITHIN CORREYA','UG','B.A Economics Model I','2022',NULL),('220021011523','JONATHAN JOHNSON','UG','B.A Economics Model I','2022',NULL),('220021011524','JUDY A','UG','B.A Economics Model I','2022',NULL),('220021011525','KRIPA REMSON','UG','B.A Economics Model I','2022',NULL),('220021011526','LOVIN CLEETUS','UG','B.A Economics Model I','2022',NULL),('220021011527','M AKSHAYA ROJA','UG','B.A Economics Model I','2022',NULL),('220021011528','MARY DIYA P A','UG','B.A Economics Model I','2022',NULL),('220021011529','MUBSEER MANIKFAN','UG','B.A Economics Model I','2022',NULL),('220021011530','NAJEEBA MARIAM A P','UG','B.A Economics Model I','2022',NULL),('220021011531','NAVEENA SABU','UG','B.A Economics Model I','2022',NULL),('220021011532','NAYAN PAUL','UG','B.A Economics Model I','2022',NULL),('220021011533','NITHIN THOMAS','UG','B.A Economics Model I','2022',NULL),('220021011534','RASEENA K S','UG','B.A Economics Model I','2022',NULL),('220021011535','RESHMA B K','UG','B.A Economics Model I','2022',NULL),('220021011536','RIDA FATHIM M A','UG','B.A Economics Model I','2022',NULL),('220021011537','RISTIN PETER','UG','B.A Economics Model I','2022',NULL),('220021011538','ROSANA ROBINSON','UG','B.A Economics Model I','2022',NULL),('220021011539','SAJITH N S','UG','B.A Economics Model I','2022',NULL),('220021011540','SAMUEL BABU','UG','B.A Economics Model I','2022',NULL),('220021011541','SANDRA N S','UG','B.A Economics Model I','2022',NULL),('220021011542','SANDRA BINU','UG','B.A Economics Model I','2022',NULL),('220021011543','SANDRA P S','UG','B.A Economics Model I','2022',NULL),('220021011544','SNEHA M V','UG','B.A Economics Model I','2022',NULL),('220021011545','SREELAKSHMI VASUDEVAN','UG','B.A Economics Model I','2022',NULL),('220021011548','SURYA KIRAN K V','UG','B.A Economics Model I','2022',NULL),('220021011549','VISMAYA K M','UG','B.A Economics Model I','2022',NULL),('220021025358','AGNES MARY ALEXANDER','UG','B.Sc Chemistry Model II Industrial Chemistry','2022',NULL),('220021025360','ANAYNA ANSON','UG','B.Sc Chemistry Model II Industrial Chemistry','2022',NULL),('220021025361','ANTONY PAUL ZEESHAN','UG','B.Sc Chemistry Model II Industrial Chemistry','2022',NULL),('220021025362','ANWIN ANTONY','UG','B.Sc Chemistry Model II Industrial Chemistry','2022',NULL),('220021025363','ARJUN KRISHNA T S','UG','B.Sc Chemistry Model II Industrial Chemistry','2022',NULL),('220021025365','DURGA R NAIR','UG','B.Sc Chemistry Model II Industrial Chemistry','2022',NULL),('220021025366','JONAH PHILIP ALJO','UG','B.Sc Chemistry Model II Industrial Chemistry','2022',NULL),('220021025367','LIMA P B','UG','B.Sc Chemistry Model II Industrial Chemistry','2022',NULL),('220021025369','NANDANA S','UG','B.Sc Chemistry Model II Industrial Chemistry','2022',NULL),('220021025370','NIBIN M M','UG','B.Sc Chemistry Model II Industrial Chemistry','2022',NULL),('220021025371','NITHIL KRISHNA S','UG','B.Sc Chemistry Model II Industrial Chemistry','2022',NULL),('220021025372','NIVEDITHA C ANIL','UG','B.Sc Chemistry Model II Industrial Chemistry','2022',NULL),('220021025373','PHILLY JOHNSON','UG','B.Sc Chemistry Model II Industrial Chemistry','2022',NULL),('220021025374','POOJA BINU','UG','B.Sc Chemistry Model II Industrial Chemistry','2022',NULL),('220021025375','RITHUL RAJU','UG','B.Sc Chemistry Model II Industrial Chemistry','2022',NULL),('220021025376','RUDRAPRIYA T D','UG','B.Sc Chemistry Model II Industrial Chemistry','2022',NULL),('220021025377','SARIKA K S','UG','B.Sc Chemistry Model II Industrial Chemistry','2022',NULL),('220021025378','SHYAM K SURESH','UG','B.Sc Chemistry Model II Industrial Chemistry','2022',NULL),('220021025379','SIYA BOSE','UG','B.Sc Chemistry Model II Industrial Chemistry','2022',NULL),('220021025380','SONAL YESUDAS','UG','B.Sc Chemistry Model II Industrial Chemistry','2022',NULL),('220021025381','SOORAJ K SANTHOSH','UG','B.Sc Chemistry Model II Industrial Chemistry','2022',NULL),('220021025382','SOUZA A KARAL','UG','B.Sc Chemistry Model II Industrial Chemistry','2022',NULL),('220021025383','SREEJITH M B','UG','B.Sc Chemistry Model II Industrial Chemistry','2022',NULL),('220021025384','VISHAL T S','UG','B.Sc Chemistry Model II Industrial Chemistry','2022',NULL),('220021026010','ABHINAV P A','UG','B.Sc Computer Science Model III','2022',NULL),('220021026011','ALAN S VARGHESE','UG','B.Sc Computer Science Model III','2022',NULL),('220021026012','ALDRIN A R','UG','B.Sc Computer Science Model III','2022',NULL),('220021026013','ARAVIND P','UG','B.Sc Computer Science Model III','2022',NULL),('220021026014','ARJUN P S','UG','B.Sc Computer Science Model III','2022',NULL),('220021026015','ARJUN P DEV','UG','B.Sc Computer Science Model III','2022',NULL),('220021026016','ASHIN T S','UG','B.Sc Computer Science Model III','2022',NULL),('220021026017','ATHUL THOMAS','UG','B.Sc Computer Science Model III','2022',NULL),('220021026019','BHARATH KRISHNA N S','UG','B.Sc Computer Science Model III','2022',NULL),('220021026020','BINDIA EDDY','UG','B.Sc Computer Science Model III','2022',NULL),('220021026021','CHRISTY JOBY','UG','B.Sc Computer Science Model III','2022',NULL),('220021026022','GOUTAM S','UG','B.Sc Computer Science Model III','2022',NULL),('220021026023','JOEL D CRUZ','UG','B.Sc Computer Science Model III','2022',NULL),('220021026024','JYOTHIKA JAYAKUMAR','UG','B.Sc Computer Science Model III','2022',NULL),('220021026025','KARTHIK PRASAD','UG','B.Sc Computer Science Model III','2022',NULL),('220021026026','KARTHIK P MENON','UG','B.Sc Computer Science Model III','2022',NULL),('220021026027','KEVIN JEROME','UG','B.Sc Computer Science Model III','2022',NULL),('220021026028','MILAN SHIBU','UG','B.Sc Computer Science Model III','2022',NULL),('220021026029','MILEN SEBASTIAN M G','UG','B.Sc Computer Science Model III','2022',NULL),('220021026030','MOHAMMED BAZIL V S','UG','B.Sc Computer Science Model III','2022',NULL),('220021026031','NANDANA K SAJEEV','UG','B.Sc Computer Science Model III','2022',NULL),('220021026032','NANDANA SABU','UG','B.Sc Computer Science Model III','2022',NULL),('220021026033','PRIYANKA C','UG','B.Sc Computer Science Model III','2022',NULL),('220021026034','THOMAS STILEN T S','UG','B.Sc Computer Science Model III','2022',NULL),('220021026035','TINSHA SHAJI','UG','B.Sc Computer Science Model III','2022',NULL),('220021026036','YEDHU N SHAJI','UG','B.Sc Computer Science Model III','2022',NULL),('220021030627','ADHITHYA K SURESH','UG','B.Sc Mathematics Model I','2022',NULL),('220021030628','AKHIL JACOB K J','UG','B.Sc Mathematics Model I','2022',NULL),('220021030629','ALDRIN THOMAS','UG','B.Sc Mathematics Model I','2022',NULL),('220021030630','ALEENA SHIBU','UG','B.Sc Mathematics Model I','2022',NULL),('220021030631','ALPHIN D\'CRUZ','UG','B.Sc Mathematics Model I','2022',NULL),('220021030632','AMAL AJI','UG','B.Sc Mathematics Model I','2022',NULL),('220021030633','ANN MARIA DAVID','UG','B.Sc Mathematics Model I','2022',NULL),('220021030634','ANTONY SHIBIN','UG','B.Sc Mathematics Model I','2022',NULL),('220021030635','ARATHI D KAMATH','UG','B.Sc Mathematics Model I','2022',NULL),('220021030638','DEAN KACHAPPILLY','UG','B.Sc Mathematics Model I','2022',NULL),('220021030639','FATHIMA SAHINA C S','UG','B.Sc Mathematics Model I','2022',NULL),('220021030640','GAYATHRI N','UG','B.Sc Mathematics Model I','2022',NULL),('220021030641','IRFANATH M S','UG','B.Sc Mathematics Model I','2022',NULL),('220021030643','K M MANU KRISHNA','UG','B.Sc Mathematics Model I','2022',NULL),('220021030644','KRISHNA M S','UG','B.Sc Mathematics Model I','2022',NULL),('220021030645','KRISHNAVENI N U','UG','B.Sc Mathematics Model I','2022',NULL),('220021030646','MEENU BABU','UG','B.Sc Mathematics Model I','2022',NULL),('220021030648','MUHAMMED FAIZ','UG','B.Sc Mathematics Model I','2022',NULL),('220021030650','RAMAKANTH V PRABHU','UG','B.Sc Mathematics Model I','2022',NULL),('220021030651','SANDRA JAYAN','UG','B.Sc Mathematics Model I','2022',NULL),('220021030652','STARWIN GEORGE K','UG','B.Sc Mathematics Model I','2022',NULL),('220021030653','TREESA NEHA','UG','B.Sc Mathematics Model I','2022',NULL),('220021030654','VIJITHA CELIN','UG','B.Sc Mathematics Model I','2022',NULL),('220021030655','VINAY AJITH','UG','B.Sc Mathematics Model I','2022',NULL),('220021033302','AADHINATH T R','UG','B.Sc Physics Model I','2022',NULL),('220021033303','ABHAY K C','UG','B.Sc Physics Model I','2022',NULL),('220021033304','AEON KUNJUMON','UG','B.Sc Physics Model I','2022',NULL),('220021033305','AJAN A','UG','B.Sc Physics Model I','2022',NULL),('220021033306','ANAIDA P CLEETUS','UG','B.Sc Physics Model I','2022',NULL),('220021033307','ANAKHA V V','UG','B.Sc Physics Model I','2022',NULL),('220021033308','ANN MARIA E J','UG','B.Sc Physics Model I','2022',NULL),('220021033309','ANTONY THOMAS','UG','B.Sc Physics Model I','2022',NULL),('220021033311','ANUSREE K S ','UG','B.Sc Physics Model I','2022',NULL),('220021033312','ARDRA SELIN A G','UG','B.Sc Physics Model I','2022',NULL),('220021033313','AUGUSTIN ASHLIN','UG','B.Sc Physics Model I','2022',NULL),('220021033315','BHARATH SUDHEESH','UG','B.Sc Physics Model I','2022',NULL),('220021033316','FATHIMA K A','UG','B.Sc Physics Model I','2022',NULL),('220021033317','FATHIMA K S','UG','B.Sc Physics Model I','2022',NULL),('220021033318','FIDHA FATHIMA K K','UG','B.Sc Physics Model I','2022',NULL),('220021033319','IRENE SHYJU','UG','B.Sc Physics Model I','2022',NULL),('220021033320','JOJO K S','UG','B.Sc Physics Model I','2022',NULL),('220021033321','LOYIS ANTONY','UG','B.Sc Physics Model I','2022',NULL),('220021033322','MEENU PHILIP','UG','B.Sc Physics Model I','2022',NULL),('220021033323','MUHAMMED NAZEEB V A','UG','B.Sc Physics Model I','2022',NULL),('220021033325','NYGIL XAVIER','UG','B.Sc Physics Model I','2022',NULL),('220021033326','RAHUL G','UG','B.Sc Physics Model I','2022',NULL),('220021033327','RITHIK C R','UG','B.Sc Physics Model I','2022',NULL),('220021033329','THANSEEHUL MIRVAN','UG','B.Sc Physics Model I','2022',NULL),('220021033330','MUHAMMED MUHASIN S S','UG','B.Sc Physics Model I','2022',NULL),('220021059176','A V RASHA','UG','B.Com Model I Computer Applications','2022',NULL),('220021059177','ABHILASH G R','UG','B.Com Model I Computer Applications','2022',NULL),('220021059178','ABHIRAMI T SAJEEV','UG','B.Com Model I Computer Applications','2022',NULL),('220021059179','ABINANDH P','UG','B.Com Model I Computer Applications','2022',NULL),('220021059180','ADITHYA K B','UG','B.Com Model I Computer Applications','2022',NULL),('220021059181','AJAY O H','UG','B.Com Model I Computer Applications','2022',NULL),('220021059182','ALBIN MATHEW','UG','B.Com Model I Computer Applications','2022',NULL),('220021059183','AMAL SABU','UG','B.Com Model I Computer Applications','2022',NULL),('220021059184','ANEESA M N','UG','B.Com Model I Computer Applications','2022',NULL),('220021059185','ANEETA VINCENT SHAJU','UG','B.Com Model I Computer Applications','2022',NULL),('220021059186','ANJANA S','UG','B.Com Model I Computer Applications','2022',NULL),('220021059187','ANN MARY ADHEENA','UG','B.Com Model I Computer Applications','2022',NULL),('220021059188','ARCHANA VINOD','UG','B.Com Model I Computer Applications','2022',NULL),('220021059189','ARSHA S PRABHU','UG','B.Com Model I Computer Applications','2022',NULL),('220021059190','ASHIN KURIAKOSE','UG','B.Com Model I Computer Applications','2022',NULL),('220021059191','ASHY AMBROSE','UG','B.Com Model I Computer Applications','2022',NULL),('220021059192','AZMINA KUDATHAGE','UG','B.Com Model I Computer Applications','2022',NULL),('220021059193','BINGLE BINU','UG','B.Com Model I Computer Applications','2022',NULL),('220021059194','CLISTIL MARTIN','UG','B.Com Model I Computer Applications','2022',NULL),('220021059195','FAIHA M A','UG','B.Com Model I Computer Applications','2022',NULL),('220021059197','FATHIMA K N','UG','B.Com Model I Computer Applications','2022',NULL),('220021059198','GOPIKA G','UG','B.Com Model I Computer Applications','2022',NULL),('220021059199','GOURI SUNIL','UG','B.Com Model I Computer Applications','2022',NULL),('220021059200','IRENE GEORGE','UG','B.Com Model I Computer Applications','2022',NULL),('220021059201','JERALD T X','UG','B.Com Model I Computer Applications','2022',NULL),('220021059202','JISHNU P C','UG','B.Com Model I Computer Applications','2022',NULL),('220021059203','JISMON K JAMES','UG','B.Com Model I Computer Applications','2022',NULL),('220021059204','JOSEPH SHABU','UG','B.Com Model I Computer Applications','2022',NULL),('220021059205','KHADHEEJA JUMANA P A','UG','B.Com Model I Computer Applications','2022',NULL),('220021059207','MEENU RAJEEV','UG','B.Com Model I Computer Applications','2022',NULL),('220021059208','MEHRIN RIYAS','UG','B.Com Model I Computer Applications','2022',NULL),('220021059209','MINZIYA P B','UG','B.Com Model I Computer Applications','2022',NULL),('220021059210','NAVIN BABU','UG','B.Com Model I Computer Applications','2022',NULL),('220021059211','NEERAJ VARGHESE P S','UG','B.Com Model I Computer Applications','2022',NULL),('220021059212','NEHA ANTONY','UG','B.Com Model I Computer Applications','2022',NULL),('220021059213','NELVIN REJO','UG','B.Com Model I Computer Applications','2022',NULL),('220021059214','NIKHITH JAMES','UG','B.Com Model I Computer Applications','2022',NULL),('220021059215','NISHA NASRIN K S','UG','B.Com Model I Computer Applications','2022',NULL),('220021059216','NOEL TWINSON','UG','B.Com Model I Computer Applications','2022',NULL),('220021059217','PAVITHRA SANTHOSH','UG','B.Com Model I Computer Applications','2022',NULL),('220021059218','PRIYA ANTONY','UG','B.Com Model I Computer Applications','2022',NULL),('220021059219','RENIYA M A','UG','B.Com Model I Computer Applications','2022',NULL),('220021059220','ROYAL RAJU','UG','B.Com Model I Computer Applications','2022',NULL),('220021059221','SANDRA U O','UG','B.Com Model I Computer Applications','2022',NULL),('220021059222','SANJU JOJO','UG','B.Com Model I Computer Applications','2022',NULL),('220021059223','SREEJITH AJITHAN','UG','B.Com Model I Computer Applications','2022',NULL),('220021059224','SRUTHY S MENON','UG','B.Com Model I Computer Applications','2022',NULL),('220021059225','VAIDEVI R','UG','B.Com Model I Computer Applications','2022',NULL),('220021059226','VEDHIKA MENON','UG','B.Com Model I Computer Applications','2022',NULL),('220021061725','AANTREESA JOSEPH','UG','B.Com Model I Co-operation','2022',NULL),('220021061726','ABHIRAMI T B','UG','B.Com Model I Co-operation','2022',NULL),('220021061727','ADITHYA M','UG','B.Com Model I Co-operation','2022',NULL),('220021061728','ADITHYA P S','UG','B.Com Model I Co-operation','2022',NULL),('220021061729','AISWARYA BINU','UG','B.Com Model I Co-operation','2022',NULL),('220021061730','AKSHAY ANIL','UG','B.Com Model I Co-operation','2022',NULL),('220021061731','ALKA M R','UG','B.Com Model I Co-operation','2022',NULL),('220021061732','ANEETTA MARIYA M V','UG','B.Com Model I Co-operation','2022',NULL),('220021061733','ANGEL SNEHA BENNY','UG','B.Com Model I Co-operation','2022',NULL),('220021061734','ANJITHA K A','UG','B.Com Model I Co-operation','2022',NULL),('220021061735','ANN MARIA P J','UG','B.Com Model I Co-operation','2022',NULL),('220021061736','ANN MARY THOMAS','UG','B.Com Model I Co-operation','2022',NULL),('220021061737','ANSIA THEREASA M J','UG','B.Com Model I Co-operation','2022',NULL),('220021061738','ANUSREE UTHASAN','UG','B.Com Model I Co-operation','2022',NULL),('220021061739','ASWATHY S KUMAR','UG','B.Com Model I Co-operation','2022',NULL),('220021061740','AUGUSTINE JOSE','UG','B.Com Model I Co-operation','2022',NULL),('220021061741','BEN GEORGE','UG','B.Com Model I Co-operation','2022',NULL),('220021061742','BHAGYA ASHOK','UG','B.Com Model I Co-operation','2022',NULL),('220021061743','DAVID JOSEPH','UG','B.Com Model I Co-operation','2022',NULL),('220021061744','DEVIKA A D','UG','B.Com Model I Co-operation','2022',NULL),('220021061745','EMIYA ROSE MARTIN','UG','B.Com Model I Co-operation','2022',NULL),('220021061746','FATHIMA C S','UG','Bachelor of Business Administration','2022',NULL),('220021061747','FATHIMA KHAN','UG','B.Com Model I Co-operation','2022',NULL),('220021061748','FIDHA FATHIMA K M','UG','B.Com Model I Co-operation','2022',NULL),('220021061749','HARIKRISHNA C M','UG','B.Com Model I Co-operation','2022',NULL),('220021061750','HAYA LINSON','UG','B.Com Model I Co-operation','2022',NULL),('220021061751','HIRAN SYAM O H','UG','B.Com Model I Co-operation','2022',NULL),('220021061752','I S DEVAKUMAR','UG','B.Com Model I Co-operation','2022',NULL),('220021061753','JOANN ANTONITA J','UG','B.Com Model I Co-operation','2022',NULL),('220021061754','JOJI JOSEPH','UG','B.Com Model I Co-operation','2022',NULL),('220021061755','KARTHIK VISWANATH','UG','B.Com Model I Co-operation','2022',NULL),('220021061756','KAVYA MOHAN','UG','B.Com Model I Co-operation','2022',NULL),('220021061757','KEZIA ANGEL C B','UG','B.Com Model I Co-operation','2022',NULL),('220021061758','LEO GEORGE','UG','B.Com Model I Co-operation','2022',NULL),('220021061759','MUHAMMED SAYIS K N','UG','B.Com Model I Co-operation','2022',NULL),('220021061760','NAJILA V S','UG','B.Com Model I Co-operation','2022',NULL),('220021061761','NAMITHA ALEXANDAR','UG','B.Com Model I Co-operation','2022',NULL),('220021061763','NEHA ROSE','UG','Bachelor of Business Administration','2022',NULL),('220021061764','NEVIL EDWIN','UG','B.Com Model I Co-operation','2022',NULL),('220021061765','NIMISHA P S','UG','B.Com Model I Co-operation','2022',NULL),('220021061766','NOWFIYA P N','UG','B.Com Model I Co-operation','2022',NULL),('220021061767','SALIHA RIYAS','UG','B.Com Model I Co-operation','2022',NULL),('220021061768','SANIA BABU','UG','B.Com Model I Co-operation','2022',NULL),('220021061769','SARATH S NAIR','UG','B.Com Model I Co-operation','2022',NULL),('220021061770','SHAMILA T M','UG','B.Com Model I Co-operation','2022',NULL),('220021061771','SHARAV P S','UG','B.Com Model I Co-operation','2022',NULL),('220021061772','VISWAS A VINOD','UG','B.Com Model I Co-operation','2022',NULL),('220021061773','VRINDA PREMAN','UG','B.Com Model I Co-operation','2022',NULL),('220021065499','AADARSH T R','UG','B.Com Model I Finance & Taxation','2022',NULL),('220021065500','ABIRAMI ANIL KUMAR','UG','B.Com Model I Finance & Taxation','2022',NULL),('220021065501','ADHARSH K VIJAYAN','UG','B.Com Model I Finance & Taxation','2022',NULL),('220021065502','AJAL GEORGE MARTIN','UG','B.Com Model I Finance & Taxation','2022',NULL),('220021065503','AKSHAY N KUTTY','UG','B.Com Model I Finance & Taxation','2022',NULL),('220021065504','ALPHIN P S','UG','B.Com Model I Finance & Taxation','2022',NULL),('220021065505','ALWIN PHILIP','UG','B.Com Model I Finance & Taxation','2022',NULL),('220021065506','ANAGHA PETER','UG','B.Com Model I Finance & Taxation','2022',NULL),('220021065507','ANASWARA SATHEESAN','UG','B.Com Model I Finance & Taxation','2022',NULL),('220021065508','ANGEL MARIYA DOMINIC','UG','B.Com Model I Finance & Taxation','2022',NULL),('220021065509','ANJANA ABILASH','UG','B.Com Model I Finance & Taxation','2022',NULL),('220021065510','ANJANA C S','UG','B.Com Model I Finance & Taxation','2022',NULL),('220021065511','ANLIYA MARIA','UG','B.Com Model I Finance & Taxation','2022',NULL),('220021065512','ANN MARIYA ALBIN','UG','B.Com Model I Finance & Taxation','2022',NULL),('220021065513','ANNA MERIN','UG','B.Com Model I Finance & Taxation','2022',NULL),('220021065514','ANNA TREESA JOHNSON','UG','B.Com Model I Finance & Taxation','2022',NULL),('220021065515','ARDHRA MARIYA T J','UG','B.Com Model I Finance & Taxation','2022',NULL),('220021065516','ARJUN V','UG','B.Com Model I Finance & Taxation','2022',NULL),('220021065517','ARUNIMA V','UG','B.Com Model I Finance & Taxation','2022',NULL),('220021065518','ASHMI ANTONY','UG','B.Com Model I Finance & Taxation','2022',NULL),('220021065519','ASHMIKA ROSE P J','UG','B.Com Model I Finance & Taxation','2022',NULL),('220021065520','ASHNA ANTONY','UG','B.Com Model I Finance & Taxation','2022',NULL),('220021065521','ASWATHY K G','UG','B.Com Model I Finance & Taxation','2022',NULL),('220021065522','AUGUSTINE EVAN SOSA','UG','B.Com Model I Finance & Taxation','2022',NULL),('220021065523','AVANTHIKA JOSHY','UG','B.Com Model I Finance & Taxation','2022',NULL),('220021065524','AVANTHIKA SHYJAN','UG','B.Com Model I Finance & Taxation','2022',NULL),('220021065525','AVINASH K J','UG','B.Com Model I Finance & Taxation','2022',NULL),('220021065526','DAVIS K JAIS','UG','B.Com Model I Finance & Taxation','2022',NULL),('220021065527','DEVI NANDANA P U','UG','B.Com Model I Finance & Taxation','2022',NULL),('220021065528','DEVIKA RAHUL','UG','B.Com Model I Finance & Taxation','2022',NULL),('220021065529','DEVIKA VINOD','UG','B.Com Model I Finance & Taxation','2022',NULL),('220021065530','DEVIKA R','UG','B.Com Model I Finance & Taxation','2022',NULL),('220021065531','DILSHA SABU','UG','B.Com Model I Finance & Taxation','2022',NULL),('220021065532','EBIN SUNNY','UG','B.Com Model I Finance & Taxation','2022',NULL),('220021065533','FATHIMA ANWARIYA SALAM P','UG','B.Com Model I Finance & Taxation','2022',NULL),('220021065534','GAATHA K SAJI','UG','B.Com Model I Finance & Taxation','2022',NULL),('220021065535','GANGA PRAMOD','UG','B.Com Model I Finance & Taxation','2022',NULL),('220021065536','GOURI KRISHNA K','UG','B.Com Model I Finance & Taxation','2022',NULL),('220021065537','HASEEMA IBRAHIMBAVAGE','UG','B.Com Model I Finance & Taxation','2022',NULL),('220021065538','JASMIN JOJO','UG','B.Com Model I Finance & Taxation','2022',NULL),('220021065539','JINITHA JUDSON','UG','B.Com Model I Finance & Taxation','2022',NULL),('220021065540','JUDIT THOMAS','UG','B.Com Model I Finance & Taxation','2022',NULL),('220021065541','LIMA BABY','UG','B.Com Model I Finance & Taxation','2022',NULL),('220021065542','MARY ANNA VARGHESE','UG','B.Com Model I Finance & Taxation','2022',NULL),('220021065543','MEENAKSHI A RAO','UG','B.Com Model I Finance & Taxation','2022',NULL),('220021065544','MEGHA MADHURAJ','UG','B.Com Model I Finance & Taxation','2022',NULL),('220021065545','MEGHA S','UG','B.Com Model I Finance & Taxation','2022',NULL),('220021065546','MERIN BABU','UG','B.Com Model I Finance & Taxation','2022',NULL),('220021065547','MIRZANA E M','UG','B.Com Model I Finance & Taxation','2022',NULL),('220021065548','NAHAL MUHAMMED','UG','B.Com Model I Finance & Taxation','2022',NULL),('220021065549','NANDANA SAJEEV','UG','B.Com Model I Finance & Taxation','2022',NULL),('220021065550','NIHAL MOHAMMED K S','UG','B.Com Model I Finance & Taxation','2022',NULL),('220021065551','P DEVAPRABHA ASHOK','UG','B.Com Model I Finance & Taxation','2022',NULL),('220021065552','PREMCHAND ELAYIDOM K S','UG','B.Com Model I Finance & Taxation','2022',NULL),('220021065553','RAHAAN RAHEEM CHANGARATH','UG','B.Com Model I Finance & Taxation','2022',NULL),('220021065554','REON ANTONY D\'CRUZ','UG','B.Com Model I Finance & Taxation','2022',NULL),('220021065555','REXY NIXON','UG','B.Com Model I Finance & Taxation','2022',NULL),('220021065556','ROHAN JULIUS','UG','B.Com Model I Finance & Taxation','2022',NULL),('220021065557','SANDRA SANU','UG','B.Com Model I Finance & Taxation','2022',NULL),('220021065558','SHILJITH KRISHNAN','UG','B.Com Model I Finance & Taxation','2022',NULL),('220021065559','SHREYA M S','UG','B.Com Model I Finance & Taxation','2022',NULL),('220021065560','SNEHA RAMESAN','UG','B.Com Model I Finance & Taxation','2022',NULL),('220021065561','SREE PARVATHY S','UG','B.Com Model I Finance & Taxation','2022',NULL),('220021065562','SREESANGEETH SUBRAMANIAN','UG','B.Com Model I Finance & Taxation','2022',NULL),('220021065563','SWATHI T S','UG','B.Com Model I Finance & Taxation','2022',NULL),('220021065564','VISHAL C S','UG','B.Com Model I Finance & Taxation','2022',NULL),('220021068792','ABEL JOHNSON','UG','B.Com Model I Computer Applications (Aided)','2022',NULL),('220021068793','ABHAY MAHESH','UG','B.Com Model I Computer Applications (Aided)','2022',NULL),('220021068794','ABHIRAM K RAJEEVAN','UG','B.Com Model I Computer Applications (Aided)','2022',NULL),('220021068795','ABHIREMYA P S','UG','B.Com Model I Computer Applications (Aided)','2022',NULL),('220021068796','ADLIN MARIA A M','UG','B.Com Model I Computer Applications (Aided)','2022',NULL),('220021068797','ALFIYA SAKEER','UG','B.Com Model I Computer Applications (Aided)','2022',NULL),('220021068798','ALVEENA SILVERINE','UG','B.Com Model I Computer Applications (Aided)','2022',NULL),('220021068799','ANAMIKA JOMON','UG','B.Com Model I Computer Applications (Aided)','2022',NULL),('220021068800','ANANDH MOHAN','UG','B.Com Model I Computer Applications (Aided)','2022',NULL),('220021068801','ANITTA JOY','UG','B.Com Model I Computer Applications (Aided)','2022',NULL),('220021068802','ANN ROSE POULOSE','UG','B.Com Model I Computer Applications (Aided)','2022',NULL),('220021068803','ANOOJA C S','UG','B.Com Model I Computer Applications (Aided)','2022',NULL),('220021068804','ANTONY JOHNSON','UG','B.Com Model I Computer Applications (Aided)','2022',NULL),('220021068805','ANUPAMA C J','UG','B.Com Model I Computer Applications (Aided)','2022',NULL),('220021068806','ARYA BABU','UG','B.Com Model I Computer Applications (Aided)','2022',NULL),('220021068807','ASHMI VARGHESE','UG','B.Com Model I Computer Applications (Aided)','2022',NULL),('220021068808','ATHIRA RAJ','UG','B.Com Model I Computer Applications (Aided)','2022',NULL),('220021068809','BARNABAS R','UG','B.Com Model I Computer Applications (Aided)','2022',NULL),('220021068810','DARSHAN CHAKRAVARTHY S','UG','B.Com Model I Computer Applications (Aided)','2022',NULL),('220021068811','DEVIKA P D','UG','B.Com Model I Computer Applications (Aided)','2022',NULL),('220021068812','DONA EBY','UG','B.Com Model I Computer Applications (Aided)','2022',NULL),('220021068813','FATHIMA NAZERINE K S','UG','B.Com Model I Computer Applications (Aided)','2022',NULL),('220021068814','FAYIZA K P','UG','B.Com Model I Computer Applications (Aided)','2022',NULL),('220021068815','GAYATHRY P M','UG','B.Com Model I Computer Applications (Aided)','2022',NULL),('220021068816','GOURI SAJEEV','UG','B.Com Model I Computer Applications (Aided)','2022',NULL),('220021068817','JABEZ ANTONY','UG','B.Com Model I Computer Applications (Aided)','2022',NULL),('220021068818','JOSNA CARMAL P B','UG','B.Com Model I Computer Applications (Aided)','2022',NULL),('220021068819','KAVYA SANTHOSH','UG','B.Com Model I Computer Applications (Aided)','2022',NULL),('220021068820','LIVINA T SIJU','UG','B.Com Model I Computer Applications (Aided)','2022',NULL),('220021068821','MARY DONA V L','UG','B.Com Model I Computer Applications (Aided)','2022',NULL),('220021068822','MEGHA GREGORY','UG','B.Com Model I Computer Applications (Aided)','2022',NULL),('220021068823','MELVIN RAJI C R','UG','B.Com Model I Computer Applications (Aided)','2022',NULL),('220021068824','MIMILA MOHAN RAJU','UG','B.Com Model I Computer Applications (Aided)','2022',NULL),('220021068825','MIYA THOMAS','UG','B.Com Model I Computer Applications (Aided)','2022',NULL),('220021068826','MOHAMED SAFAR K S','UG','B.Com Model I Computer Applications (Aided)','2022',NULL),('220021068827','NAYAN MANUEL','UG','B.Com Model I Computer Applications (Aided)','2022',NULL),('220021068828','NEHA SHAJI','UG','B.Com Model I Computer Applications (Aided)','2022',NULL),('220021068829','NEHALA JOHNY','UG','B.Com Model I Computer Applications (Aided)','2022',NULL),('220021068830','NIBIN BINU','UG','B.Com Model I Computer Applications (Aided)','2022',NULL),('220021068831','NIKHILA T MARTIN','UG','B.Com Model I Computer Applications (Aided)','2022',NULL),('220021068832','RITHIK RAM K R','UG','B.Com Model I Computer Applications (Aided)','2022',NULL),('220021068833','ROONY K J','UG','B.Com Model I Computer Applications (Aided)','2022',NULL),('220021068834','SANU KRISHNA P B','UG','B.Com Model I Computer Applications (Aided)','2022',NULL),('220021068835','SIVANI BINU','UG','B.Com Model I Computer Applications (Aided)','2022',NULL),('220021068836','SOBIN SONY','UG','B.Com Model I Computer Applications (Aided)','2022',NULL),('220021068837','SONA AUGUSTINE','UG','B.Com Model I Computer Applications (Aided)','2022',NULL),('220021068838','UPAL K L','UG','B.Com Model I Computer Applications (Aided)','2022',NULL),('220021068839','VAISHNAVI A','UG','B.Com Model I Computer Applications (Aided)','2022',NULL),('220021068840','VEDAVYAS K B','UG','B.Com Model I Computer Applications (Aided)','2022',NULL),('220021068841','VIBIN BOSCO','UG','B.Com Model I Computer Applications (Aided)','2022',NULL),('220021068842','VINAY KRISHNA A','UG','B.Com Model I Computer Applications (Aided)','2022',NULL),('220021068843','VISMAYA MANOJKUMAR','UG','B.Com Model I Computer Applications (Aided)','2022',NULL),('220021075716','ABHINAV E S','UG','Bachelor of Business Administration','2022',NULL),('220021075717','ABHIRAJ K R','UG','Bachelor of Business Administration','2022',NULL),('220021075718','ADI KRISHNA','UG','Bachelor of Business Administration','2022',NULL),('220021075719','AFEENA P N','UG','Bachelor of Business Administration','2022',NULL),('220021075720','ALEENA JOMON','UG','Bachelor of Business Administration','2022',NULL),('220021075721','ANAGHA P A','UG','Bachelor of Business Administration','2022',NULL),('220021075722','ANANDHU SURESH','UG','Bachelor of Business Administration','2022',NULL),('220021075723','ANASWARA TOMY','UG','Bachelor of Business Administration','2022',NULL),('220021075724','ANGEL ANTONY','UG','Bachelor of Business Administration','2022',NULL),('220021075725','ANN MEREENA JOSEPH','UG','Bachelor of Business Administration','2022',NULL),('220021075726','ANN THOMAS','UG','Bachelor of Business Administration','2022',NULL),('220021075727','ANTONY VARGHESE','UG','Bachelor of Business Administration','2022',NULL),('220021075728','ASWIN V D','UG','Bachelor of Business Administration','2022',NULL),('220021075729','ATHULKRISHNA V U','UG','Bachelor of Business Administration','2022',NULL),('220021075730','AYNSHIYA MARY','UG','Bachelor of Business Administration','2022',NULL),('220021075731','DANIEL JOHN','UG','Bachelor of Business Administration','2022',NULL),('220021075732','DEEPAK DILEEPKUMAR','UG','Bachelor of Business Administration','2022',NULL),('220021075733','DEVADARSHAN PRAMODH','UG','Bachelor of Business Administration','2022',NULL),('220021075735','DONITA CORREYA','UG','Bachelor of Business Administration','2022',NULL),('220021075736','EARNEST JACKSON','UG','Bachelor of Business Administration','2022',NULL),('220021075737','ERIC S GILBERT','UG','Bachelor of Business Administration','2022',NULL),('220021075738','FASNA SALAM','UG','Bachelor of Business Administration','2022',NULL),('220021075739','FATHIMA ABDUL NAZAR','UG','Bachelor of Business Administration','2022',NULL),('220021075741','FATHIMA SAFA K N','UG','Bachelor of Business Administration','2022',NULL),('220021075742','FEBA SAJAN','UG','Bachelor of Business Administration','2022',NULL),('220021075743','GILSON SHAJI','UG','Bachelor of Business Administration','2022',NULL),('220021075744','GOKUL KRISHNAN S','UG','Bachelor of Business Administration','2022',NULL),('220021075745','GOURI HARIKRISHNAN','UG','Bachelor of Business Administration','2022',NULL),('220021075746','GRACE THOMAS','UG','Bachelor of Business Administration','2022',NULL),('220021075747','KAVIYA','UG','Bachelor of Business Administration','2022',NULL),('220021075748','LANSON SAJU','UG','Bachelor of Business Administration','2022',NULL),('220021075749','LEON MILAN','UG','Bachelor of Business Administration','2022',NULL),('220021075750','LEVIN PAUL','UG','Bachelor of Business Administration','2022',NULL),('220021075751','MARIA THERES','UG','Bachelor of Business Administration','2022',NULL),('220021075752','MILAN JOB FRANCIS','UG','Bachelor of Business Administration','2022',NULL),('220021075753','MOHAMMED FAYD F','UG','Bachelor of Business Administration','2022',NULL),('220021075755','NIHAL K','UG','Bachelor of Business Administration','2022',NULL),('220021075756','P H SRUTHI KRISHNA','UG','Bachelor of Business Administration','2022',NULL),('220021075757','PRITHEENDRAN P','UG','Bachelor of Business Administration','2022',NULL),('220021075758','RIYAN YAHIYA','UG','Bachelor of Business Administration','2022',NULL),('220021075759','ROHITHKRISHNA K R','UG','Bachelor of Business Administration','2022',NULL),('220021075760','SALVA FATHIMA A A','UG','Bachelor of Business Administration','2022',NULL),('220021075761','SAMRA K S','UG','Bachelor of Business Administration','2022',NULL),('220021075762','SHEROL SHAJI','UG','Bachelor of Business Administration','2022',NULL),('220021075763','SRAVAN P A','UG','Bachelor of Business Administration','2022',NULL),('220021075764','SUBIN K S','UG','Bachelor of Business Administration','2022',NULL),('220021075765','YADU KRISHNA M S','UG','Bachelor of Business Administration','2022',NULL),('220021093170','AHAMED AL VAHAD M S','UG','B.Voc Banking and Financial Services','2022',NULL),('220021093389','AKSHAYA KUMAR S R','UG','B.Voc Tourism and Hospitality Management','2022',NULL),('220021093392','AMALMON C S','UG','B.Voc Tourism and Hospitality Management','2022',NULL);
/*!40000 ALTER TABLE `students` ENABLE KEYS */;
UNLOCK TABLES;
/*!50003 SET @saved_cs_client      = @@character_set_client */ ;
/*!50003 SET @saved_cs_results     = @@character_set_results */ ;
/*!50003 SET @saved_col_connection = @@collation_connection */ ;
/*!50003 SET character_set_client  = utf8mb4 */ ;
/*!50003 SET character_set_results = utf8mb4 */ ;
/*!50003 SET collation_connection  = utf8mb4_0900_ai_ci */ ;
/*!50003 SET @saved_sql_mode       = @@sql_mode */ ;
/*!50003 SET sql_mode              = 'ONLY_FULL_GROUP_BY,STRICT_TRANS_TABLES,NO_ZERO_IN_DATE,NO_ZERO_DATE,ERROR_FOR_DIVISION_BY_ZERO,NO_ENGINE_SUBSTITUTION' */ ;
DELIMITER ;;
/*!50003 CREATE*/ /*!50017 DEFINER=`root`@`localhost`*/ /*!50003 TRIGGER `students_AFTER_INSERT` AFTER INSERT ON `students` FOR EACH ROW BEGIN
	INSERT INTO `exam_cell_data`.`users` (user_id, password, type) VALUES (NEW.prn, 'password', 'Student');
END */;;
DELIMITER ;
/*!50003 SET sql_mode              = @saved_sql_mode */ ;
/*!50003 SET character_set_client  = @saved_cs_client */ ;
/*!50003 SET character_set_results = @saved_cs_results */ ;
/*!50003 SET collation_connection  = @saved_col_connection */ ;
/*!50003 SET @saved_cs_client      = @@character_set_client */ ;
/*!50003 SET @saved_cs_results     = @@character_set_results */ ;
/*!50003 SET @saved_col_connection = @@collation_connection */ ;
/*!50003 SET character_set_client  = utf8mb4 */ ;
/*!50003 SET character_set_results = utf8mb4 */ ;
/*!50003 SET collation_connection  = utf8mb4_0900_ai_ci */ ;
/*!50003 SET @saved_sql_mode       = @@sql_mode */ ;
/*!50003 SET sql_mode              = 'ONLY_FULL_GROUP_BY,STRICT_TRANS_TABLES,NO_ZERO_IN_DATE,NO_ZERO_DATE,ERROR_FOR_DIVISION_BY_ZERO,NO_ENGINE_SUBSTITUTION' */ ;
DELIMITER ;;
/*!50003 CREATE*/ /*!50017 DEFINER=`root`@`localhost`*/ /*!50003 TRIGGER `students_AFTER_UPDATE` AFTER UPDATE ON `students` FOR EACH ROW BEGIN
	UPDATE `exam_cell_data`.`users` SET user_id = NEW.prn WHERE user_id = OLD.prn;
END */;;
DELIMITER ;
/*!50003 SET sql_mode              = @saved_sql_mode */ ;
/*!50003 SET character_set_client  = @saved_cs_client */ ;
/*!50003 SET character_set_results = @saved_cs_results */ ;
/*!50003 SET collation_connection  = @saved_col_connection */ ;
/*!50003 SET @saved_cs_client      = @@character_set_client */ ;
/*!50003 SET @saved_cs_results     = @@character_set_results */ ;
/*!50003 SET @saved_col_connection = @@collation_connection */ ;
/*!50003 SET character_set_client  = utf8mb4 */ ;
/*!50003 SET character_set_results = utf8mb4 */ ;
/*!50003 SET collation_connection  = utf8mb4_0900_ai_ci */ ;
/*!50003 SET @saved_sql_mode       = @@sql_mode */ ;
/*!50003 SET sql_mode              = 'ONLY_FULL_GROUP_BY,STRICT_TRANS_TABLES,NO_ZERO_IN_DATE,NO_ZERO_DATE,ERROR_FOR_DIVISION_BY_ZERO,NO_ENGINE_SUBSTITUTION' */ ;
DELIMITER ;;
/*!50003 CREATE*/ /*!50017 DEFINER=`root`@`localhost`*/ /*!50003 TRIGGER `students_AFTER_DELETE` AFTER DELETE ON `students` FOR EACH ROW BEGIN
	DELETE from `exam_cell_data`.`users` WHERE user_id = OLD.prn;
END */;;
DELIMITER ;
/*!50003 SET sql_mode              = @saved_sql_mode */ ;
/*!50003 SET character_set_client  = @saved_cs_client */ ;
/*!50003 SET character_set_results = @saved_cs_results */ ;
/*!50003 SET collation_connection  = @saved_col_connection */ ;

--
-- Table structure for table `teacher_allocations`
--

DROP TABLE IF EXISTS `teacher_allocations`;
/*!40101 SET @saved_cs_client     = @@character_set_client */;
/*!50503 SET character_set_client = utf8mb4 */;
CREATE TABLE `teacher_allocations` (
  `teacher_id` varchar(10) NOT NULL,
  `exam_id` int NOT NULL,
  `exam_date` varchar(10) NOT NULL,
  `slot` varchar(20) NOT NULL,
  `room_id` int NOT NULL,
  KEY `TeacherID_Teachers_idx` (`teacher_id`),
  KEY `RoomID_Rooms_idx` (`room_id`),
  KEY `TeacherAllocations_ExamID` (`exam_id`),
  CONSTRAINT `TeacherAllocations_ExamID` FOREIGN KEY (`exam_id`) REFERENCES `exam_data` (`exam_id`) ON DELETE CASCADE ON UPDATE CASCADE,
  CONSTRAINT `TeacherAllocations_RoomID` FOREIGN KEY (`room_id`) REFERENCES `rooms` (`room_id`) ON DELETE CASCADE ON UPDATE CASCADE,
  CONSTRAINT `TeacherAllocations_TeacherID` FOREIGN KEY (`teacher_id`) REFERENCES `teachers` (`teacher_id`) ON DELETE CASCADE ON UPDATE CASCADE
) ENGINE=InnoDB DEFAULT CHARSET=utf8mb4 COLLATE=utf8mb4_0900_ai_ci;
/*!40101 SET character_set_client = @saved_cs_client */;

--
-- Dumping data for table `teacher_allocations`
--

LOCK TABLES `teacher_allocations` WRITE;
/*!40000 ALTER TABLE `teacher_allocations` DISABLE KEYS */;
INSERT INTO `teacher_allocations` VALUES ('SPC005',72,'23/04/2024','Afternoon',2),('SPC002',73,'29/04/2024','Afternoon',1),('SPC003',73,'29/04/2024','Afternoon',1),('SPC004',73,'29/04/2024','Afternoon',1),('SPC014',74,'30/04/2024','Afternoon',1),('SPC134',74,'30/04/2024','Afternoon',1),('SPC135',74,'30/04/2024','Afternoon',1),('SPC139',74,'30/04/2024','Afternoon',1),('SPC007',74,'30/04/2024','Afternoon',1),('SPC008',74,'30/04/2024','Afternoon',1),('SPC009',74,'30/04/2024','Afternoon',2),('SPC010',74,'30/04/2024','Afternoon',2),('SPC011',74,'30/04/2024','Afternoon',3),('SPC026',74,'30/04/2024','Afternoon',3),('SPC015',74,'30/04/2024','Afternoon',4),('SPC016',74,'30/04/2024','Afternoon',4),('SPC023',74,'30/04/2024','Afternoon',5),('SPC024',74,'30/04/2024','Afternoon',5),('SPC140',74,'30/04/2024','Afternoon',6),('SPC038',74,'30/04/2024','Afternoon',7),('SPC039',74,'30/04/2024','Afternoon',8),('SPC040',74,'30/04/2024','Afternoon',9),('SPC044',74,'30/04/2024','Afternoon',10),('SPC046',74,'30/04/2024','Afternoon',11),('SPC047',74,'30/04/2024','Afternoon',12),('SPC048',74,'30/04/2024','Afternoon',13),('SPC051',74,'30/04/2024','Afternoon',14),('SPC058',74,'30/04/2024','Afternoon',15),('SPC088',75,'30/04/2024','Afternoon',1),('SPC092',75,'30/04/2024','Afternoon',1),('SPC086',76,'30/04/2024','Afternoon',1),('SPC087',76,'30/04/2024','Afternoon',1);
/*!40000 ALTER TABLE `teacher_allocations` ENABLE KEYS */;
UNLOCK TABLES;

--
-- Table structure for table `teacher_notifications`
--

DROP TABLE IF EXISTS `teacher_notifications`;
/*!40101 SET @saved_cs_client     = @@character_set_client */;
/*!50503 SET character_set_client = utf8mb4 */;
CREATE TABLE `teacher_notifications` (
  `notification_id` int NOT NULL AUTO_INCREMENT,
  `department` varchar(45) DEFAULT NULL,
  `teacher_id` varchar(45) DEFAULT NULL,
  `content` longtext NOT NULL,
  `expiry` varchar(10) DEFAULT NULL,
  PRIMARY KEY (`notification_id`),
  UNIQUE KEY `notification_id_UNIQUE` (`notification_id`),
  KEY `TeacherNotifications_Student_ID` (`teacher_id`),
  CONSTRAINT `TeacherNotifications_Student_ID` FOREIGN KEY (`teacher_id`) REFERENCES `teachers` (`teacher_id`) ON DELETE CASCADE ON UPDATE CASCADE
) ENGINE=InnoDB DEFAULT CHARSET=utf8mb4 COLLATE=utf8mb4_0900_ai_ci;
/*!40101 SET character_set_client = @saved_cs_client */;

--
-- Dumping data for table `teacher_notifications`
--

LOCK TABLES `teacher_notifications` WRITE;
/*!40000 ALTER TABLE `teacher_notifications` DISABLE KEYS */;
/*!40000 ALTER TABLE `teacher_notifications` ENABLE KEYS */;
UNLOCK TABLES;

--
-- Table structure for table `teachers`
--

DROP TABLE IF EXISTS `teachers`;
/*!40101 SET @saved_cs_client     = @@character_set_client */;
/*!50503 SET character_set_client = utf8mb4 */;
CREATE TABLE `teachers` (
  `teacher_id` varchar(20) NOT NULL,
  `name` varchar(100) NOT NULL,
  `department` varchar(100) NOT NULL,
  `date_of_joining` varchar(10) NOT NULL,
  `duties` int DEFAULT '0',
  `friday_duties` int DEFAULT '0',
  PRIMARY KEY (`teacher_id`),
  UNIQUE KEY `teacher_id_UNIQUE` (`teacher_id`)
) ENGINE=InnoDB DEFAULT CHARSET=utf8mb4 COLLATE=utf8mb4_0900_ai_ci;
/*!40101 SET character_set_client = @saved_cs_client */;

--
-- Dumping data for table `teachers`
--

LOCK TABLES `teachers` WRITE;
/*!40000 ALTER TABLE `teachers` DISABLE KEYS */;
INSERT INTO `teachers` VALUES ('SPC002','Alias P George','Banking and Financial Services','11/09/2001',1,0),('SPC003','Aleena Varghese','Banking and Financial Services','11/09/2001',1,0),('SPC004','Marymol John','Banking and Financial Services','11/09/2001',1,0),('SPC005','Renjitha Johnson','Banking and Financial Services','11/09/2001',1,0),('SPC007','Anuba C B','Broadcasting and Journalism','11/09/2001',1,0),('SPC008','Ashwin K V Namboodiri','Broadcasting and Journalism','11/09/2001',1,0),('SPC009','Theja Teresa','Business Administration','11/09/2001',1,0),('SPC010','Chinthu Jose','Business Administration','11/09/2001',1,0),('SPC011','Bichu S Nair','Business Administration','11/09/2001',1,0),('SPC012','Jijo Paul','Business Administration','11/09/2001',0,0),('SPC013','Anju Sreenivas','Business Administration','11/09/2001',0,0),('SPC014','Maria Augustine','Chemistry','11/09/2001',1,0),('SPC015','Meera Jacob','Chemistry','11/09/2001',1,0),('SPC016','Texin Joseph','Chemistry','11/09/2001',1,0),('SPC017','Tresa Sunitha George','Chemistry','11/09/2001',0,0),('SPC018','Hency George','Chemistry','11/09/2001',0,0),('SPC020','A R Roshni Das','Chemistry','11/09/2001',0,0),('SPC021','Ashna R','Chemistry','11/09/2001',0,0),('SPC022','Sajin Francis K','Chemistry','11/09/2001',0,0),('SPC023','Asha E Thomas','Commerce','11/09/2001',1,0),('SPC024','Christy George M J','Commerce','11/09/2001',1,0),('SPC025','Gibin Jacob','Commerce','11/09/2001',0,0),('SPC026','John Mathew','Commerce','11/09/2001',1,0),('SPC027','Shiju C R','Commerce','11/09/2001',0,0),('SPC028','Teresa Stephen','Commerce','11/09/2001',0,0),('SPC029','Varun V Varghese','Commerce','11/09/2001',0,0),('SPC030','Anila A. S.','Commerce','11/09/2001',0,0),('SPC031','Mishma Joy','Commerce','11/09/2001',0,0),('SPC033','Neethumol T R','Commerce','11/09/2001',0,0),('SPC034','Anupam Ugin','Commerce','11/09/2001',0,0),('SPC035','Lakshmi Vijayan','Commerce','11/09/2001',0,0),('SPC036','K S Dhanya','Commerce','11/09/2001',0,0),('SPC038','Deepthi Gopinath','Commerce SF','11/09/2001',1,0),('SPC039','Priyanka Presannan','Commerce SF','11/09/2001',1,0),('SPC040','Remyamol K P','Commerce SF','11/09/2001',1,0),('SPC041','Rinu Joy','Commerce SF','11/09/2001',0,0),('SPC044','Nikita Pinheiro','Computer Science','11/09/2001',1,0),('SPC046','Justine George','Economics','11/09/2001',1,0),('SPC047','Siby K M','Economics','11/09/2001',1,0),('SPC048','Smiji A J','Economics','11/09/2001',1,0),('SPC049','Stalin P C','Economics','11/09/2001',0,0),('SPC050','Sumitha Franklin','Economics','11/09/2001',0,0),('SPC051','Binil Kumar','English','11/09/2001',1,0),('SPC052','Deepa George','English','11/09/2001',0,0),('SPC053','Lima Sunny','English','11/09/2001',0,0),('SPC054','Salia Rex','English','11/09/2001',0,0),('SPC055','Gayathri M','English','11/09/2001',0,0),('SPC058','Sreelekshmi J','English SF','11/09/2001',1,0),('SPC059','Jollichan James','English SF','11/09/2001',0,0),('SPC060','Sam Thomas K X','English SF','11/09/2001',0,0),('SPC061','Anila Treesa K J','English SF','11/09/2001',0,0),('SPC062','C.R. Roshini','English SF','11/09/2001',0,0),('SPC063','Dhanyalakshmi K D','English SF','11/09/2001',0,0),('SPC064','Fiona P Jojan','English SF','11/09/2001',0,0),('SPC065','Jinu Rose E V','English SF','11/09/2001',0,0),('SPC066','Liya Justine','English SF','11/09/2001',0,0),('SPC067','Naveena P K','English SF','11/09/2001',0,0),('SPC072','Hardin Rixon','Logistics Management','11/09/2001',0,0),('SPC075','Manju K Menon','Mathematics','11/09/2001',0,0),('SPC077','Nisha V M','Mathematics','11/09/2001',0,0),('SPC078','Pramada Ramachandran','Mathematics','11/09/2001',0,0),('SPC083','Jixy Joseph','Physics','11/09/2001',0,0),('SPC084','Mary Vijila C V','Physics','11/09/2001',0,0),('SPC085','Poornima N','Physics','11/09/2001',0,0),('SPC086','Priyesh K V','Physics','11/09/2001',1,0),('SPC087','Rajeshmon V G','Physics','11/09/2001',1,0),('SPC088','Seena G','Physics','11/09/2001',1,0),('SPC092','Haritha B','Tourism and Hospitality','11/09/2001',1,0),('SPC096','Sreekala S','Mathematics','11/09/2001',0,0),('SPC097','Siya Sebastian','Logistics Management','11/09/2001',0,0),('SPC099','Jibin Jacob Mani','Computer Science','11/09/2001',0,0),('SPC104','Aswini Kumar V','Broadcasting and Journalism','11/09/2001',0,0),('SPC106','Liji Varghese','Computer Science','11/09/2001',0,0),('SPC107','Rakhi Clement','Languages','11/09/2001',0,0),('SPC108','Anila A S','Commerce','11/09/2001',0,0),('SPC114','Divya Ance Varghese','Mathematics','11/09/2001',0,0),('SPC115','Alaka Mohan','Mathematics','11/09/2001',0,0),('SPC116','Jessy Daniel','Mathematics','11/09/2001',0,0),('SPC117','Raji M V','Economics','11/09/2001',0,0),('SPC118','Daisy Maria Saju','Physics','11/09/2001',0,0),('SPC119','Greeshma M Shajan','Computer Science','11/09/2001',0,0),('SPC120','Sreelakshmi Rajan','Computer Science','11/09/2001',0,0),('SPC121','Anna Melenda Martin','Commerce','11/09/2001',0,0),('SPC122','Santhra Nimesh','Broadcasting and Journalism','11/09/2001',0,0),('SPC126','Minju Joy','Chemistry','11/09/2001',0,0),('SPC127','Sruthy M','Tourism and Hospitality','11/09/2001',0,0),('SPC131','Faseela P A','Logistics Management','11/09/2001',0,0),('SPC132','Sherin Chacko','Logistics Management','11/09/2001',0,0),('SPC133','Mary Sooria','English','11/09/2001',0,0),('SPC134','Jose Babu','English','11/09/2001',1,0),('SPC135','Subha P P','Physics','11/09/2001',1,0),('SPC139','Vidya R','Tourism and Hospitality','11/09/2001',1,0),('SPC140','Abhijith T S','English','11/09/2001',1,0);
/*!40000 ALTER TABLE `teachers` ENABLE KEYS */;
UNLOCK TABLES;
/*!50003 SET @saved_cs_client      = @@character_set_client */ ;
/*!50003 SET @saved_cs_results     = @@character_set_results */ ;
/*!50003 SET @saved_col_connection = @@collation_connection */ ;
/*!50003 SET character_set_client  = utf8mb4 */ ;
/*!50003 SET character_set_results = utf8mb4 */ ;
/*!50003 SET collation_connection  = utf8mb4_0900_ai_ci */ ;
/*!50003 SET @saved_sql_mode       = @@sql_mode */ ;
/*!50003 SET sql_mode              = 'ONLY_FULL_GROUP_BY,STRICT_TRANS_TABLES,NO_ZERO_IN_DATE,NO_ZERO_DATE,ERROR_FOR_DIVISION_BY_ZERO,NO_ENGINE_SUBSTITUTION' */ ;
DELIMITER ;;
/*!50003 CREATE*/ /*!50017 DEFINER=`root`@`localhost`*/ /*!50003 TRIGGER `teachers_AFTER_INSERT` AFTER INSERT ON `teachers` FOR EACH ROW BEGIN
	INSERT INTO `exam_cell_data`.`users` (user_id, password, type) VALUES (NEW.teacher_id, 'password', 'Teacher');
END */;;
DELIMITER ;
/*!50003 SET sql_mode              = @saved_sql_mode */ ;
/*!50003 SET character_set_client  = @saved_cs_client */ ;
/*!50003 SET character_set_results = @saved_cs_results */ ;
/*!50003 SET collation_connection  = @saved_col_connection */ ;
/*!50003 SET @saved_cs_client      = @@character_set_client */ ;
/*!50003 SET @saved_cs_results     = @@character_set_results */ ;
/*!50003 SET @saved_col_connection = @@collation_connection */ ;
/*!50003 SET character_set_client  = utf8mb4 */ ;
/*!50003 SET character_set_results = utf8mb4 */ ;
/*!50003 SET collation_connection  = utf8mb4_0900_ai_ci */ ;
/*!50003 SET @saved_sql_mode       = @@sql_mode */ ;
/*!50003 SET sql_mode              = 'ONLY_FULL_GROUP_BY,STRICT_TRANS_TABLES,NO_ZERO_IN_DATE,NO_ZERO_DATE,ERROR_FOR_DIVISION_BY_ZERO,NO_ENGINE_SUBSTITUTION' */ ;
DELIMITER ;;
/*!50003 CREATE*/ /*!50017 DEFINER=`root`@`localhost`*/ /*!50003 TRIGGER `teachers_AFTER_UPDATE` AFTER UPDATE ON `teachers` FOR EACH ROW BEGIN
	UPDATE `exam_cell_data`.`users` SET user_id = NEW.teacher_id WHERE user_id = OLD.teacher_id;
END */;;
DELIMITER ;
/*!50003 SET sql_mode              = @saved_sql_mode */ ;
/*!50003 SET character_set_client  = @saved_cs_client */ ;
/*!50003 SET character_set_results = @saved_cs_results */ ;
/*!50003 SET collation_connection  = @saved_col_connection */ ;
/*!50003 SET @saved_cs_client      = @@character_set_client */ ;
/*!50003 SET @saved_cs_results     = @@character_set_results */ ;
/*!50003 SET @saved_col_connection = @@collation_connection */ ;
/*!50003 SET character_set_client  = utf8mb4 */ ;
/*!50003 SET character_set_results = utf8mb4 */ ;
/*!50003 SET collation_connection  = utf8mb4_0900_ai_ci */ ;
/*!50003 SET @saved_sql_mode       = @@sql_mode */ ;
/*!50003 SET sql_mode              = 'ONLY_FULL_GROUP_BY,STRICT_TRANS_TABLES,NO_ZERO_IN_DATE,NO_ZERO_DATE,ERROR_FOR_DIVISION_BY_ZERO,NO_ENGINE_SUBSTITUTION' */ ;
DELIMITER ;;
/*!50003 CREATE*/ /*!50017 DEFINER=`root`@`localhost`*/ /*!50003 TRIGGER `teachers_AFTER_DELETE` AFTER DELETE ON `teachers` FOR EACH ROW BEGIN
	DELETE from `exam_cell_data`.`users` WHERE user_id = OLD.teacher_id;
END */;;
DELIMITER ;
/*!50003 SET sql_mode              = @saved_sql_mode */ ;
/*!50003 SET character_set_client  = @saved_cs_client */ ;
/*!50003 SET character_set_results = @saved_cs_results */ ;
/*!50003 SET collation_connection  = @saved_col_connection */ ;

--
-- Table structure for table `users`
--

DROP TABLE IF EXISTS `users`;
/*!40101 SET @saved_cs_client     = @@character_set_client */;
/*!50503 SET character_set_client = utf8mb4 */;
CREATE TABLE `users` (
  `user_id` varchar(20) NOT NULL,
  `password` varchar(255) NOT NULL,
  `type` varchar(50) NOT NULL,
  PRIMARY KEY (`user_id`),
  UNIQUE KEY `user_id_UNIQUE` (`user_id`)
) ENGINE=InnoDB DEFAULT CHARSET=utf8mb4 COLLATE=utf8mb4_0900_ai_ci;
/*!40101 SET character_set_client = @saved_cs_client */;

--
-- Dumping data for table `users`
--

LOCK TABLES `users` WRITE;
/*!40000 ALTER TABLE `users` DISABLE KEYS */;
INSERT INTO `users` VALUES ('210021001169','password','Student'),('210021001170','password','Student'),('210021001171','password','Student'),('210021001172','password','Student'),('210021001173','password','Student'),('210021001174','password','Student'),('210021001175','password','Student'),('210021001176','password','Student'),('210021001177','password','Student'),('210021001178','password','Student'),('210021001179','password','Student'),('210021001180','password','Student'),('210021001181','password','Student'),('210021001182','password','Student'),('210021001183','password','Student'),('210021001184','password','Student'),('210021001185','password','Student'),('210021001186','password','Student'),('210021001187','password','Student'),('210021001188','password','Student'),('210021001189','password','Student'),('210021001190','password','Student'),('210021001191','password','Student'),('210021001192','password','Student'),('210021001193','password','Student'),('210021001194','password','Student'),('210021001195','password','Student'),('210021001196','password','Student'),('210021001197','password','Student'),('210021001198','password','Student'),('210021001199','password','Student'),('210021001200','password','Student'),('210021001201','password','Student'),('210021001202','password','Student'),('210021001203','password','Student'),('210021001204','password','Student'),('210021001205','password','Student'),('210021001206','password','Student'),('210021001207','password','Student'),('210021001208','password','Student'),('210021005077','password','Student'),('210021005078','password','Student'),('210021005079','password','Student'),('210021005080','password','Student'),('210021005081','password','Student'),('210021005082','password','Student'),('210021005083','password','Student'),('210021005084','password','Student'),('210021005085','password','Student'),('210021005086','password','Student'),('210021005087','password','Student'),('210021005088','password','Student'),('210021005089','password','Student'),('210021005090','password','Student'),('210021005091','password','Student'),('210021005092','password','Student'),('210021005093','password','Student'),('210021005094','password','Student'),('210021005095','password','Student'),('210021005096','password','Student'),('210021005097','password','Student'),('210021005098','password','Student'),('210021005099','password','Student'),('210021005100','password','Student'),('210021005101','password','Student'),('210021005102','password','Student'),('210021005103','password','Student'),('210021005104','password','Student'),('210021005105','password','Student'),('210021012501','password','Student'),('210021012502','password','Student'),('210021012503','password','Student'),('210021012504','password','Student'),('210021012505','password','Student'),('210021012506','password','Student'),('210021012507','password','Student'),('210021012508','password','Student'),('210021012509','password','Student'),('210021012510','password','Student'),('210021012511','password','Student'),('210021012512','password','Student'),('210021012513','password','Student'),('210021012514','password','Student'),('210021012515','password','Student'),('210021012516','password','Student'),('210021012517','password','Student'),('210021012518','password','Student'),('210021012519','password','Student'),('210021012520','password','Student'),('210021012521','password','Student'),('210021012522','password','Student'),('210021012523','password','Student'),('210021012524','password','Student'),('210021012525','password','Student'),('210021012526','password','Student'),('210021012527','password','Student'),('210021012528','password','Student'),('210021012529','password','Student'),('210021012530','password','Student'),('210021012531','password','Student'),('210021012532','password','Student'),('210021012533','password','Student'),('210021012534','password','Student'),('210021012535','password','Student'),('210021012536','password','Student'),('210021012537','password','Student'),('210021012538','password','Student'),('210021012539','password','Student'),('210021012540','password','Student'),('210021012541','password','Student'),('210021012542','password','Student'),('210021012543','password','Student'),('210021012544','password','Student'),('210021012545','password','Student'),('210021012546','password','Student'),('210021012547','password','Student'),('210021012548','password','Student'),('210021012549','password','Student'),('210021012550','password','Student'),('210021012551','password','Student'),('210021012552','password','Student'),('210021012553','password','Student'),('210021012554','password','Student'),('210021012555','password','Student'),('210021012556','password','Student'),('210021012557','password','Student'),('210021012558','password','Student'),('210021012559','password','Student'),('210021012560','password','Student'),('210021027040','password','Student'),('210021027041','password','Student'),('210021027042','password','Student'),('210021027043','password','Student'),('210021027044','password','Student'),('210021027045','password','Student'),('210021027046','password','Student'),('210021027047','password','Student'),('210021027048','password','Student'),('210021027049','password','Student'),('210021027050','password','Student'),('210021027051','password','Student'),('210021027052','password','Student'),('210021027053','password','Student'),('210021027054','password','Student'),('210021027055','password','Student'),('210021027056','password','Student'),('210021027057','password','Student'),('210021027058','password','Student'),('210021027059','password','Student'),('210021027060','password','Student'),('210021027061','password','Student'),('210021027062','password','Student'),('210021027063','password','Student'),('210021027064','password','Student'),('210021027181','password','Student'),('210021027634','password','Student'),('210021027635','password','Student'),('210021027636','password','Student'),('210021027637','password','Student'),('210021027638','password','Student'),('210021027639','password','Student'),('210021027640','password','Student'),('210021027641','password','Student'),('210021027642','password','Student'),('210021027643','password','Student'),('210021027644','password','Student'),('210021027645','password','Student'),('210021027646','password','Student'),('210021027647','password','Student'),('210021027648','password','Student'),('210021027649','password','Student'),('210021027650','password','Student'),('210021027651','password','Student'),('210021027652','password','Student'),('210021027653','password','Student'),('210021027654','password','Student'),('210021027655','password','Student'),('210021027656','password','Student'),('210021027657','password','Student'),('210021027658','password','Student'),('210021027659','password','Student'),('210021031960','password','Student'),('210021031961','password','Student'),('210021031962','password','Student'),('210021031963','password','Student'),('210021031964','password','Student'),('210021031965','password','Student'),('210021031966','password','Student'),('210021031967','password','Student'),('210021031968','password','Student'),('210021031969','password','Student'),('210021031970','password','Student'),('210021031972','password','Student'),('210021031973','password','Student'),('210021031974','password','Student'),('210021031975','password','Student'),('210021031976','password','Student'),('210021031977','password','Student'),('210021031978','password','Student'),('210021031979','password','Student'),('210021031980','password','Student'),('210021031981','password','Student'),('210021031982','password','Student'),('210021031983','password','Student'),('210021031984','password','Student'),('210021031985','password','Student'),('210021031986','password','Student'),('210021031987','password','Student'),('210021031988','password','Student'),('210021031989','password','Student'),('210021031990','password','Student'),('210021034770','password','Student'),('210021034771','password','Student'),('210021034772','password','Student'),('210021034773','password','Student'),('210021034774','password','Student'),('210021034775','password','Student'),('210021034776','password','Student'),('210021034777','password','Student'),('210021034778','password','Student'),('210021034779','password','Student'),('210021034780','password','Student'),('210021034781','password','Student'),('210021034782','password','Student'),('210021034783','password','Student'),('210021034784','password','Student'),('210021034785','password','Student'),('210021034786','password','Student'),('210021034787','password','Student'),('210021034788','password','Student'),('210021034789','password','Student'),('210021034790','password','Student'),('210021034791','password','Student'),('210021034792','password','Student'),('210021034793','password','Student'),('210021034794','password','Student'),('210021034795','password','Student'),('210021034796','password','Student'),('210021034797','password','Student'),('210021034798','password','Student'),('210021034799','password','Student'),('210021034800','password','Student'),('210021063437','password','Student'),('210021063438','password','Student'),('210021063439','password','Student'),('210021063440','password','Student'),('210021063441','password','Student'),('210021063442','password','Student'),('210021063443','password','Student'),('210021063444','password','Student'),('210021063445','password','Student'),('210021063446','password','Student'),('210021063447','password','Student'),('210021063448','password','Student'),('210021063449','password','Student'),('210021063450','password','Student'),('210021063451','password','Student'),('210021063452','password','Student'),('210021063453','password','Student'),('210021063454','password','Student'),('210021063455','password','Student'),('210021063456','password','Student'),('210021063457','password','Student'),('210021063458','password','Student'),('210021063459','password','Student'),('210021063460','password','Student'),('210021063461','password','Student'),('210021063462','password','Student'),('210021063463','password','Student'),('210021063464','password','Student'),('210021063465','password','Student'),('210021063466','password','Student'),('210021063467','password','Student'),('210021063468','password','Student'),('210021063469','password','Student'),('210021063470','password','Student'),('210021063471','password','Student'),('210021063472','password','Student'),('210021063473','password','Student'),('210021063474','password','Student'),('210021063475','password','Student'),('210021063476','password','Student'),('210021063477','password','Student'),('210021063478','password','Student'),('210021063479','password','Student'),('210021063480','password','Student'),('210021063481','password','Student'),('210021063482','password','Student'),('210021063483','password','Student'),('210021063484','password','Student'),('210021063485','password','Student'),('210021066086','password','Student'),('210021066087','password','Student'),('210021066088','password','Student'),('210021066089','password','Student'),('210021066091','password','Student'),('210021066092','password','Student'),('210021066093','password','Student'),('210021066094','password','Student'),('210021066095','password','Student'),('210021066096','password','Student'),('210021066097','password','Student'),('210021066098','password','Student'),('210021066099','password','Student'),('210021066100','password','Student'),('210021066101','password','Student'),('210021066102','password','Student'),('210021066103','password','Student'),('210021066104','password','Student'),('210021066105','password','Student'),('210021066106','password','Student'),('210021066107','password','Student'),('210021066108','password','Student'),('210021066109','password','Student'),('210021066110','password','Student'),('210021066111','password','Student'),('210021066112','password','Student'),('210021066113','password','Student'),('210021066114','password','Student'),('210021066115','password','Student'),('210021066116','password','Student'),('210021066117','password','Student'),('210021066118','password','Student'),('210021066119','password','Student'),('210021066120','password','Student'),('210021066121','password','Student'),('210021066122','password','Student'),('210021066123','password','Student'),('210021066124','password','Student'),('210021066125','password','Student'),('210021066126','password','Student'),('210021066127','password','Student'),('210021066128','password','Student'),('210021066129','password','Student'),('210021066130','password','Student'),('210021066131','password','Student'),('210021066132','password','Student'),('210021066133','password','Student'),('210021066134','password','Student'),('210021066135','password','Student'),('210021066136','password','Student'),('210021066137','password','Student'),('210021069996','password','Student'),('210021069997','password','Student'),('210021069998','password','Student'),('210021069999','password','Student'),('210021070000','password','Student'),('210021070001','password','Student'),('210021070002','password','Student'),('210021070003','password','Student'),('210021070004','password','Student'),('210021070005','password','Student'),('210021070006','password','Student'),('210021070007','password','Student'),('210021070008','password','Student'),('210021070009','password','Student'),('210021070010','password','Student'),('210021070011','password','Student'),('210021070012','password','Student'),('210021070013','password','Student'),('210021070014','password','Student'),('210021070015','password','Student'),('210021070016','password','Student'),('210021070017','password','Student'),('210021070018','password','Student'),('210021070019','password','Student'),('210021070020','password','Student'),('210021070021','password','Student'),('210021070022','password','Student'),('210021070023','password','Student'),('210021070024','password','Student'),('210021070025','password','Student'),('210021070026','password','Student'),('210021070027','password','Student'),('210021070028','password','Student'),('210021070029','password','Student'),('210021070030','password','Student'),('210021070031','password','Student'),('210021070032','password','Student'),('210021070033','password','Student'),('210021070034','password','Student'),('210021070035','password','Student'),('210021070036','password','Student'),('210021070037','password','Student'),('210021070038','password','Student'),('210021070039','password','Student'),('210021070040','password','Student'),('210021070041','password','Student'),('210021070042','password','Student'),('210021070043','password','Student'),('210021070044','password','Student'),('210021070045','password','Student'),('210021070046','password','Student'),('210021070047','password','Student'),('210021070048','password','Student'),('210021070049','password','Student'),('210021070050','password','Student'),('210021070051','password','Student'),('210021070052','password','Student'),('210021070053','password','Student'),('210021070054','password','Student'),('210021070055','password','Student'),('210021070056','password','Student'),('210021070057','password','Student'),('210021073248','password','Student'),('210021073249','password','Student'),('210021073250','password','Student'),('210021073251','password','Student'),('210021073252','password','Student'),('210021073253','password','Student'),('210021073254','password','Student'),('210021073255','password','Student'),('210021073256','password','Student'),('210021073257','password','Student'),('210021073258','password','Student'),('210021073259','password','Student'),('210021073260','password','Student'),('210021073261','password','Student'),('210021073262','password','Student'),('210021073263','password','Student'),('210021073264','password','Student'),('210021073265','password','Student'),('210021073266','password','Student'),('210021073267','password','Student'),('210021073268','password','Student'),('210021073269','password','Student'),('210021073270','password','Student'),('210021073271','password','Student'),('210021073272','password','Student'),('210021073273','password','Student'),('210021073274','password','Student'),('210021073275','password','Student'),('210021073276','password','Student'),('210021073277','password','Student'),('210021073278','password','Student'),('210021073279','password','Student'),('210021073280','password','Student'),('210021073281','password','Student'),('210021073282','password','Student'),('210021073283','password','Student'),('210021073284','password','Student'),('210021073285','password','Student'),('210021073286','password','Student'),('210021073287','password','Student'),('210021073288','password','Student'),('210021073289','password','Student'),('210021073290','password','Student'),('210021073291','password','Student'),('210021073292','password','Student'),('210021073293','password','Student'),('210021073294','password','Student'),('210021073295','password','Student'),('210021073296','password','Student'),('210021073297','password','Student'),('210021073298','password','Student'),('210021080295','password','Student'),('210021080296','password','Student'),('210021080298','password','Student'),('210021080299','password','Student'),('210021080300','password','Student'),('210021080301','password','Student'),('210021080302','password','Student'),('210021080303','password','Student'),('210021080304','password','Student'),('210021080305','password','Student'),('210021080306','password','Student'),('210021080307','password','Student'),('210021080308','password','Student'),('210021080309','password','Student'),('210021080310','password','Student'),('210021080311','password','Student'),('210021080312','password','Student'),('210021080313','password','Student'),('210021080314','password','Student'),('210021080315','password','Student'),('210021080316','password','Student'),('210021080317','password','Student'),('210021080318','password','Student'),('210021080319','password','Student'),('210021080320','password','Student'),('210021080321','password','Student'),('210021080322','password','Student'),('210021080323','password','Student'),('210021080324','password','Student'),('210021080325','password','Student'),('210021080326','password','Student'),('210021080327','password','Student'),('210021080328','password','Student'),('210021080329','password','Student'),('210021080330','password','Student'),('210021080331','password','Student'),('210021080332','password','Student'),('210021080333','password','Student'),('210021080334','password','Student'),('210021080335','password','Student'),('210021080336','password','Student'),('210021080337','password','Student'),('210021080338','password','Student'),('210021080339','password','Student'),('210021080340','password','Student'),('210021080341','password','Student'),('210021080342','password','Student'),('210021080343','password','Student'),('210021080344','password','Student'),('210021080345','password','Student'),('210041000359','password','Student'),('210041000360','password','Student'),('210041000361','password','Student'),('210041000362','password','Student'),('210041000363','password','Student'),('210041000364','password','Student'),('210041000365','password','Student'),('210041000366','password','Student'),('210041000367','password','Student'),('210041000368','password','Student'),('210041000369','password','Student'),('210041000370','password','Student'),('210041000371','password','Student'),('210041000372','password','Student'),('210041000373','password','Student'),('210041000374','password','Student'),('210041000375','password','Student'),('210041000376','password','Student'),('210041000377','password','Student'),('210041000378','password','Student'),('210041000379','password','Student'),('210041000380','password','Student'),('210041000381','password','Student'),('210041000382','password','Student'),('210041000383','password','Student'),('210041000384','password','Student'),('210041000385','password','Student'),('210041000386','password','Student'),('210041000387','password','Student'),('210041000388','password','Student'),('210041000389','password','Student'),('210041000390','password','Student'),('210041000391','password','Student'),('210041000392','password','Student'),('210041000393','password','Student'),('210041000394','password','Student'),('210041000395','password','Student'),('210041000396','password','Student'),('210041000397','password','Student'),('210041000398','password','Student'),('210041000399','password','Student'),('210041000400','password','Student'),('210041000401','password','Student'),('210041000402','password','Student'),('210041000403','password','Student'),('210041000404','password','Student'),('210041000405','password','Student'),('210041000406','password','Student'),('210041000407','password','Student'),('210041000408','password','Student'),('210041000409','password','Student'),('210041000410','password','Student'),('210041000411','password','Student'),('210041000412','password','Student'),('210041000413','password','Student'),('210041000414','password','Student'),('210041000415','password','Student'),('210041000416','password','Student'),('210041000417','password','Student'),('210041000418','password','Student'),('210041000419','password','Student'),('210041000420','password','Student'),('210041000959','password','Student'),('210041000960','password','Student'),('210041000961','password','Student'),('210041000962','password','Student'),('210041000963','password','Student'),('210041000964','password','Student'),('210041000965','password','Student'),('210041000966','password','Student'),('210041000967','password','Student'),('210041000968','password','Student'),('210041000969','password','Student'),('210041000970','password','Student'),('210041000971','password','Student'),('210041000972','password','Student'),('210041000974','password','Student'),('210041000975','password','Student'),('210041000976','password','Student'),('210041000977','password','Student'),('210041000978','password','Student'),('210041000979','password','Student'),('210041000980','password','Student'),('210041000981','password','Student'),('210041000982','password','Student'),('210041000983','password','Student'),('210041000984','password','Student'),('210041000985','password','Student'),('210041000986','password','Student'),('210041000987','password','Student'),('210041000988','password','Student'),('210041000989','password','Student'),('210041000990','password','Student'),('210041000991','password','Student'),('210041000992','password','Student'),('210041000994','password','Student'),('210041000995','password','Student'),('210041000996','password','Student'),('210041000998','password','Student'),('210041001885','password','Student'),('210041001886','password','Student'),('210041001887','password','Student'),('210041001888','password','Student'),('210041001889','password','Student'),('210041001890','password','Student'),('210041001891','password','Student'),('210041001892','password','Student'),('210041001893','password','Student'),('210041001894','password','Student'),('210041001895','password','Student'),('210041001896','password','Student'),('210041001897','password','Student'),('210041001898','password','Student'),('210041001899','password','Student'),('210041001900','password','Student'),('210041001901','password','Student'),('210041001902','password','Student'),('210041001903','password','Student'),('210041001904','password','Student'),('210041001905','password','Student'),('210041001906','password','Student'),('210041001907','password','Student'),('210041001908','password','Student'),('210041001909','password','Student'),('210041001910','password','Student'),('210041001911','password','Student'),('210041001912','password','Student'),('210041001913','password','Student'),('210041001914','password','Student'),('210041001915','password','Student'),('210041001916','password','Student'),('210041001917','password','Student'),('210041001918','password','Student'),('210041001919','password','Student'),('210041001920','password','Student'),('210041001921','password','Student'),('210041001922','password','Student'),('210041001923','password','Student'),('210041001924','password','Student'),('210041001925','password','Student'),('210041001926','password','Student'),('210041001927','password','Student'),('210041001928','password','Student'),('210041001929','password','Student'),('210041001930','password','Student'),('210041001931','password','Student'),('210041001932','password','Student'),('210041001933','password','Student'),('210041001934','password','Student'),('210041001935','password','Student'),('210041001936','password','Student'),('210041001937','password','Student'),('210041001938','password','Student'),('210041001939','password','Student'),('210041001940','password','Student'),('210041001941','password','Student'),('210041001942','password','Student'),('210041001943','password','Student'),('210041001944','password','Student'),('210041001945','password','Student'),('210041001946','password','Student'),('210041001947','password','Student'),('210041001948','password','Student'),('210041001949','password','Student'),('210041002067','password','Student'),('210041002068','password','Student'),('210041002069','password','Student'),('210041002070','password','Student'),('210041002071','password','Student'),('210041002072','password','Student'),('210041002073','password','Student'),('210041002074','password','Student'),('210041002075','password','Student'),('210041002076','password','Student'),('210041002077','password','Student'),('210041002078','password','Student'),('210041002079','password','Student'),('210041002080','password','Student'),('210041002081','password','Student'),('210041002082','password','Student'),('210041002083','password','Student'),('210041002084','password','Student'),('210041002085','password','Student'),('210041002086','password','Student'),('210041002087','password','Student'),('210041002089','password','Student'),('210041002090','password','Student'),('210041002091','password','Student'),('210041002092','password','Student'),('210041002093','password','Student'),('210041002094','password','Student'),('210041002095','password','Student'),('210041002096','password','Student'),('210041002097','password','Student'),('210041002098','password','Student'),('210041002099','password','Student'),('210041002100','password','Student'),('210041002101','password','Student'),('210041002102','password','Student'),('210041002103','password','Student'),('210041002104','password','Student'),('210041002105','password','Student'),('210041002106','password','Student'),('210041002107','password','Student'),('210041002108','password','Student'),('210041002109','password','Student'),('210041002110','password','Student'),('210041002111','password','Student'),('210041002112','password','Student'),('210041002114','password','Student'),('210041002115','password','Student'),('210041002116','password','Student'),('210041002117','password','Student'),('210041002118','password','Student'),('210041002119','password','Student'),('210041002120','password','Student'),('210041002121','password','Student'),('210041002122','password','Student'),('210041002123','password','Student'),('210041002124','password','Student'),('210041002125','password','Student'),('210041002126','password','Student'),('210041002128','password','Student'),('220021001156','password','Student'),('220021001157','password','Student'),('220021001158','password','Student'),('220021001159','password','Student'),('220021001160','password','Student'),('220021001161','password','Student'),('220021001162','password','Student'),('220021001163','password','Student'),('220021001164','password','Student'),('220021001165','password','Student'),('220021001166','password','Student'),('220021001167','password','Student'),('220021001168','password','Student'),('220021001169','password','Student'),('220021001170','password','Student'),('220021001171','password','Student'),('220021001174','password','Student'),('220021001175','password','Student'),('220021001177','password','Student'),('220021001178','password','Student'),('220021001179','password','Student'),('220021001180','password','Student'),('220021001181','password','Student'),('220021001182','password','Student'),('220021001183','password','Student'),('220021001184','password','Student'),('220021001185','password','Student'),('220021001186','password','Student'),('220021001187','password','Student'),('220021001188','password','Student'),('220021001189','password','Student'),('220021001190','password','Student'),('220021001192','password','Student'),('220021001193','password','Student'),('220021001194','password','Student'),('220021001195','password','Student'),('220021001196','password','Student'),('220021001197','password','Student'),('220021001198','password','Student'),('220021001199','password','Student'),('220021001200','password','Student'),('220021001201','password','Student'),('220021001202','password','Student'),('220021004814','password','Student'),('220021004815','password','Student'),('220021004816','password','Student'),('220021004817','password','Student'),('220021004818','password','Student'),('220021004819','password','Student'),('220021004820','password','Student'),('220021004821','password','Student'),('220021004822','password','Student'),('220021004823','password','Student'),('220021004824','password','Student'),('220021004825','password','Student'),('220021004826','password','Student'),('220021004827','password','Student'),('220021004828','password','Student'),('220021004829','password','Student'),('220021004830','password','Student'),('220021004831','password','Student'),('220021004832','password','Student'),('220021004833','password','Student'),('220021004834','password','Student'),('220021004836','password','Student'),('220021004838','password','Student'),('220021004839','password','Student'),('220021004840','password','Student'),('220021004841','password','Student'),('220021004842','password','Student'),('220021004843','password','Student'),('220021004844','password','Student'),('220021011492','password','Student'),('220021011493','password','Student'),('220021011494','password','Student'),('220021011495','password','Student'),('220021011496','password','Student'),('220021011497','password','Student'),('220021011498','password','Student'),('220021011499','password','Student'),('220021011500','password','Student'),('220021011501','password','Student'),('220021011502','password','Student'),('220021011503','password','Student'),('220021011504','password','Student'),('220021011505','password','Student'),('220021011507','password','Student'),('220021011508','password','Student'),('220021011509','password','Student'),('220021011510','password','Student'),('220021011511','password','Student'),('220021011512','password','Student'),('220021011513','password','Student'),('220021011514','password','Student'),('220021011515','password','Student'),('220021011516','password','Student'),('220021011517','password','Student'),('220021011518','password','Student'),('220021011519','password','Student'),('220021011520','password','Student'),('220021011521','password','Student'),('220021011522','password','Student'),('220021011523','password','Student'),('220021011524','password','Student'),('220021011525','password','Student'),('220021011526','password','Student'),('220021011527','password','Student'),('220021011528','password','Student'),('220021011529','password','Student'),('220021011530','password','Student'),('220021011531','password','Student'),('220021011532','password','Student'),('220021011533','password','Student'),('220021011534','password','Student'),('220021011535','password','Student'),('220021011536','password','Student'),('220021011537','password','Student'),('220021011538','password','Student'),('220021011539','password','Student'),('220021011540','password','Student'),('220021011541','password','Student'),('220021011542','password','Student'),('220021011543','password','Student'),('220021011544','password','Student'),('220021011545','password','Student'),('220021011548','password','Student'),('220021011549','password','Student'),('220021025358','password','Student'),('220021025360','password','Student'),('220021025361','password','Student'),('220021025362','password','Student'),('220021025363','password','Student'),('220021025365','password','Student'),('220021025366','password','Student'),('220021025367','password','Student'),('220021025369','password','Student'),('220021025370','password','Student'),('220021025371','password','Student'),('220021025372','password','Student'),('220021025373','password','Student'),('220021025374','password','Student'),('220021025375','password','Student'),('220021025376','password','Student'),('220021025377','password','Student'),('220021025378','password','Student'),('220021025379','password','Student'),('220021025380','password','Student'),('220021025381','password','Student'),('220021025382','password','Student'),('220021025383','password','Student'),('220021025384','password','Student'),('220021026010','password','Student'),('220021026011','password','Student'),('220021026012','password','Student'),('220021026013','password','Student'),('220021026014','password','Student'),('220021026015','password','Student'),('220021026016','password','Student'),('220021026017','password','Student'),('220021026019','password','Student'),('220021026020','password','Student'),('220021026021','password','Student'),('220021026022','password','Student'),('220021026023','password','Student'),('220021026024','password','Student'),('220021026025','password','Student'),('220021026026','password','Student'),('220021026027','password','Student'),('220021026028','password','Student'),('220021026029','password','Student'),('220021026030','password','Student'),('220021026031','password','Student'),('220021026032','password','Student'),('220021026033','password','Student'),('220021026034','password','Student'),('220021026035','password','Student'),('220021026036','password','Student'),('220021030627','password','Student'),('220021030628','password','Student'),('220021030629','password','Student'),('220021030630','password','Student'),('220021030631','password','Student'),('220021030632','password','Student'),('220021030633','password','Student'),('220021030634','password','Student'),('220021030635','password','Student'),('220021030638','password','Student'),('220021030639','password','Student'),('220021030640','password','Student'),('220021030641','password','Student'),('220021030643','password','Student'),('220021030644','password','Student'),('220021030645','password','Student'),('220021030646','password','Student'),('220021030648','password','Student'),('220021030650','password','Student'),('220021030651','password','Student'),('220021030652','password','Student'),('220021030653','password','Student'),('220021030654','password','Student'),('220021030655','password','Student'),('220021033302','password','Student'),('220021033303','password','Student'),('220021033304','password','Student'),('220021033305','password','Student'),('220021033306','password','Student'),('220021033307','password','Student'),('220021033308','password','Student'),('220021033309','password','Student'),('220021033311','password','Student'),('220021033312','password','Student'),('220021033313','password','Student'),('220021033315','password','Student'),('220021033316','password','Student'),('220021033317','password','Student'),('220021033318','password','Student'),('220021033319','password','Student'),('220021033320','password','Student'),('220021033321','password','Student'),('220021033322','password','Student'),('220021033323','password','Student'),('220021033325','password','Student'),('220021033326','password','Student'),('220021033327','password','Student'),('220021033329','password','Student'),('220021033330','password','Student'),('220021059176','password','Student'),('220021059177','password','Student'),('220021059178','password','Student'),('220021059179','password','Student'),('220021059180','password','Student'),('220021059181','password','Student'),('220021059182','password','Student'),('220021059183','password','Student'),('220021059184','password','Student'),('220021059185','password','Student'),('220021059186','password','Student'),('220021059187','password','Student'),('220021059188','password','Student'),('220021059189','password','Student'),('220021059190','password','Student'),('220021059191','password','Student'),('220021059192','password','Student'),('220021059193','password','Student'),('220021059194','password','Student'),('220021059195','password','Student'),('220021059197','password','Student'),('220021059198','password','Student'),('220021059199','password','Student'),('220021059200','password','Student'),('220021059201','password','Student'),('220021059202','password','Student'),('220021059203','password','Student'),('220021059204','password','Student'),('220021059205','password','Student'),('220021059207','password','Student'),('220021059208','password','Student'),('220021059209','password','Student'),('220021059210','password','Student'),('220021059211','password','Student'),('220021059212','password','Student'),('220021059213','password','Student'),('220021059214','password','Student'),('220021059215','password','Student'),('220021059216','password','Student'),('220021059217','password','Student'),('220021059218','password','Student'),('220021059219','password','Student'),('220021059220','password','Student'),('220021059221','password','Student'),('220021059222','password','Student'),('220021059223','password','Student'),('220021059224','password','Student'),('220021059225','password','Student'),('220021059226','password','Student'),('220021061725','password','Student'),('220021061726','password','Student'),('220021061727','password','Student'),('220021061728','password','Student'),('220021061729','password','Student'),('220021061730','password','Student'),('220021061731','password','Student'),('220021061732','password','Student'),('220021061733','password','Student'),('220021061734','password','Student'),('220021061735','password','Student'),('220021061736','password','Student'),('220021061737','password','Student'),('220021061738','password','Student'),('220021061739','password','Student'),('220021061740','password','Student'),('220021061741','password','Student'),('220021061742','password','Student'),('220021061743','password','Student'),('220021061744','password','Student'),('220021061745','password','Student'),('220021061746','password','Student'),('220021061747','password','Student'),('220021061748','password','Student'),('220021061749','password','Student'),('220021061750','password','Student'),('220021061751','password','Student'),('220021061752','password','Student'),('220021061753','password','Student'),('220021061754','password','Student'),('220021061755','password','Student'),('220021061756','password','Student'),('220021061757','password','Student'),('220021061758','password','Student'),('220021061759','password','Student'),('220021061760','password','Student'),('220021061761','password','Student'),('220021061763','password','Student'),('220021061764','password','Student'),('220021061765','password','Student'),('220021061766','password','Student'),('220021061767','password','Student'),('220021061768','password','Student'),('220021061769','password','Student'),('220021061770','password','Student'),('220021061771','password','Student'),('220021061772','password','Student'),('220021061773','password','Student'),('220021065499','password','Student'),('220021065500','password','Student'),('220021065501','password','Student'),('220021065502','password','Student'),('220021065503','password','Student'),('220021065504','password','Student'),('220021065505','password','Student'),('220021065506','password','Student'),('220021065507','password','Student'),('220021065508','password','Student'),('220021065509','password','Student'),('220021065510','password','Student'),('220021065511','password','Student'),('220021065512','password','Student'),('220021065513','password','Student'),('220021065514','password','Student'),('220021065515','password','Student'),('220021065516','password','Student'),('220021065517','password','Student'),('220021065518','password','Student'),('220021065519','password','Student'),('220021065520','password','Student'),('220021065521','password','Student'),('220021065522','password','Student'),('220021065523','password','Student'),('220021065524','password','Student'),('220021065525','password','Student'),('220021065526','password','Student'),('220021065527','password','Student'),('220021065528','password','Student'),('220021065529','password','Student'),('220021065530','password','Student'),('220021065531','password','Student'),('220021065532','password','Student'),('220021065533','password','Student'),('220021065534','password','Student'),('220021065535','password','Student'),('220021065536','password','Student'),('220021065537','password','Student'),('220021065538','password','Student'),('220021065539','password','Student'),('220021065540','password','Student'),('220021065541','password','Student'),('220021065542','password','Student'),('220021065543','password','Student'),('220021065544','password','Student'),('220021065545','password','Student'),('220021065546','password','Student'),('220021065547','password','Student'),('220021065548','password','Student'),('220021065549','password','Student'),('220021065550','password','Student'),('220021065551','password','Student'),('220021065552','password','Student'),('220021065553','password','Student'),('220021065554','password','Student'),('220021065555','password','Student'),('220021065556','password','Student'),('220021065557','password','Student'),('220021065558','password','Student'),('220021065559','password','Student'),('220021065560','password','Student'),('220021065561','password','Student'),('220021065562','password','Student'),('220021065563','password','Student'),('220021065564','password','Student'),('220021068792','password','Student'),('220021068793','password','Student'),('220021068794','password','Student'),('220021068795','password','Student'),('220021068796','password','Student'),('220021068797','password','Student'),('220021068798','password','Student'),('220021068799','password','Student'),('220021068800','password','Student'),('220021068801','password','Student'),('220021068802','password','Student'),('220021068803','password','Student'),('220021068804','password','Student'),('220021068805','password','Student'),('220021068806','password','Student'),('220021068807','password','Student'),('220021068808','password','Student'),('220021068809','password','Student'),('220021068810','password','Student'),('220021068811','password','Student'),('220021068812','password','Student'),('220021068813','password','Student'),('220021068814','password','Student'),('220021068815','password','Student'),('220021068816','password','Student'),('220021068817','password','Student'),('220021068818','password','Student'),('220021068819','password','Student'),('220021068820','password','Student'),('220021068821','password','Student'),('220021068822','password','Student'),('220021068823','password','Student'),('220021068824','password','Student'),('220021068825','password','Student'),('220021068826','password','Student'),('220021068827','password','Student'),('220021068828','password','Student'),('220021068829','password','Student'),('220021068830','password','Student'),('220021068831','password','Student'),('220021068832','password','Student'),('220021068833','password','Student'),('220021068834','password','Student'),('220021068835','password','Student'),('220021068836','password','Student'),('220021068837','password','Student'),('220021068838','password','Student'),('220021068839','password','Student'),('220021068840','password','Student'),('220021068841','password','Student'),('220021068842','password','Student'),('220021068843','password','Student'),('220021075716','password','Student'),('220021075717','password','Student'),('220021075718','password','Student'),('220021075719','password','Student'),('220021075720','password','Student'),('220021075721','password','Student'),('220021075722','password','Student'),('220021075723','password','Student'),('220021075724','password','Student'),('220021075725','password','Student'),('220021075726','password','Student'),('220021075727','password','Student'),('220021075728','password','Student'),('220021075729','password','Student'),('220021075730','password','Student'),('220021075731','password','Student'),('220021075732','password','Student'),('220021075733','password','Student'),('220021075735','password','Student'),('220021075736','password','Student'),('220021075737','password','Student'),('220021075738','password','Student'),('220021075739','password','Student'),('220021075741','password','Student'),('220021075742','password','Student'),('220021075743','password','Student'),('220021075744','password','Student'),('220021075745','password','Student'),('220021075746','password','Student'),('220021075747','password','Student'),('220021075748','password','Student'),('220021075749','password','Student'),('220021075750','password','Student'),('220021075751','password','Student'),('220021075752','password','Student'),('220021075753','password','Student'),('220021075755','password','Student'),('220021075756','password','Student'),('220021075757','password','Student'),('220021075758','password','Student'),('220021075759','password','Student'),('220021075760','password','Student'),('220021075761','password','Student'),('220021075762','password','Student'),('220021075763','password','Student'),('220021075764','password','Student'),('220021075765','password','Student'),('220021093170','password','Student'),('220021093389','password','Student'),('220021093392','password','Student'),('SPC002','password','Teacher'),('SPC003','password','Teacher'),('SPC004','password','Teacher'),('SPC005','password','Teacher'),('SPC007','password','Teacher'),('SPC008','password','Teacher'),('SPC009','password','Teacher'),('SPC010','password','Teacher'),('SPC011','password','Teacher'),('SPC012','password','Teacher'),('SPC013','password','Teacher'),('SPC014','password','Teacher'),('SPC015','password','Teacher'),('SPC016','password','Teacher'),('SPC017','password','Teacher'),('SPC018','password','Teacher'),('SPC020','password','Teacher'),('SPC021','password','Teacher'),('SPC022','password','Teacher'),('SPC023','password','Teacher'),('SPC024','password','Teacher'),('SPC025','password','Teacher'),('SPC026','password','Teacher'),('SPC027','password','Teacher'),('SPC028','password','Teacher'),('SPC029','password','Teacher'),('SPC030','password','Teacher'),('SPC031','password','Teacher'),('SPC033','password','Teacher'),('SPC034','password','Teacher'),('SPC035','password','Teacher'),('SPC036','password','Teacher'),('SPC038','password','Teacher'),('SPC039','password','Teacher'),('SPC040','password','Teacher'),('SPC041','password','Teacher'),('SPC044','password','Teacher'),('SPC046','password','Teacher'),('SPC047','password','Teacher'),('SPC048','password','Teacher'),('SPC049','password','Teacher'),('SPC050','password','Teacher'),('SPC051','password','Teacher'),('SPC052','password','Teacher'),('SPC053','password','Teacher'),('SPC054','password','Teacher'),('SPC055','password','Teacher'),('SPC058','password','Teacher'),('SPC059','password','Teacher'),('SPC060','password','Teacher'),('SPC061','password','Teacher'),('SPC062','password','Teacher'),('SPC063','password','Teacher'),('SPC064','password','Teacher'),('SPC065','password','Teacher'),('SPC066','password','Teacher'),('SPC067','password','Teacher'),('SPC072','password','Teacher'),('SPC075','password','Teacher'),('SPC077','password','Teacher'),('SPC078','password','Teacher'),('SPC083','password','Teacher'),('SPC084','password','Teacher'),('SPC085','password','Teacher'),('SPC086','password','Teacher'),('SPC087','password','Teacher'),('SPC088','password','Teacher'),('SPC092','password','Teacher'),('SPC096','password','Teacher'),('SPC097','password','Teacher'),('SPC099','password','Teacher'),('SPC104','password','Teacher'),('SPC106','password','Teacher'),('SPC107','password','Teacher'),('SPC108','password','Teacher'),('SPC114','password','Teacher'),('SPC115','password','Teacher'),('SPC116','password','Teacher'),('SPC117','password','Teacher'),('SPC118','password','Teacher'),('SPC119','password','Teacher'),('SPC120','password','Teacher'),('SPC121','password','Teacher'),('SPC122','password','Teacher'),('SPC126','password','Teacher'),('SPC127','password','Teacher'),('SPC131','password','Teacher'),('SPC132','password','Teacher'),('SPC133','password','Teacher'),('SPC134','password','Teacher'),('SPC135','password','Teacher'),('SPC139','password','Teacher'),('SPC140','password','Teacher');
/*!40000 ALTER TABLE `users` ENABLE KEYS */;
UNLOCK TABLES;

--
-- Dumping events for database 'exam_cell_data'
--

--
-- Dumping routines for database 'exam_cell_data'
--
/*!40103 SET TIME_ZONE=@OLD_TIME_ZONE */;

/*!40101 SET SQL_MODE=@OLD_SQL_MODE */;
/*!40014 SET FOREIGN_KEY_CHECKS=@OLD_FOREIGN_KEY_CHECKS */;
/*!40014 SET UNIQUE_CHECKS=@OLD_UNIQUE_CHECKS */;
/*!40101 SET CHARACTER_SET_CLIENT=@OLD_CHARACTER_SET_CLIENT */;
/*!40101 SET CHARACTER_SET_RESULTS=@OLD_CHARACTER_SET_RESULTS */;
/*!40101 SET COLLATION_CONNECTION=@OLD_COLLATION_CONNECTION */;
/*!40111 SET SQL_NOTES=@OLD_SQL_NOTES */;

-- Dump completed on 2024-04-14 18:15:08
